,0
https,31
the,27
to,26
a,17
and,17
of,15
change,15
for,14
climate,13
is,13
in,13
I,9
about,7
skepticism,6
hand,6
with,6
It,6
The,6
glasses,6
s,6
know,5
climatechange,5
on,5
more,5
his,4
science,4
we,4
We,4
global,4
at,4
how,4
there,4
you,4
need,3
Why,3
does,3
immigration,3
walk,3
all,3
by,3
Climate,3
KateAronoff,3
scene,3
Jurassic,3
Park,3
when,3
Newman,3
loses,3
then,3
says,3
can,3
afford,3
immediately,3
before,3
are,3
this,3
it,3
time,3
reminder,3
last,3
that,3
congestion,3
re,3
facts,2
our,2
amp,2
people,2
FranceinIreland,2
On,2
5th,2
November,2
call,2
creative,2
citizens,2
practical,2
solutions,2
fight,2
against,2
join,2
us,2
You,2
me,2
responsible,2
but,2
business,2
Facing,2
17,2
billion,2
fire,2
damages,2
CEO,2
blames,2
dangerously,2
unprepared,2
heat,2
crisis,2
from,2
article,2
This,2
warming,2
Global,2
be,2
How,2
wildfires,2
just,2
IRP,2
Provincial,2
Disaster,2
Management,2
Authority,2
Balochistan,2
signed,2
Memorandum,2
Understanding,2
MoU,2
being,2
he,2
always,2
good,2
see,2
average,2
temperature,2
has,2
changed,2
over,2
150,2
years,2
if,2
link,2
well,2
they,2
as,2
open,2
Got,1
ta,1
love,1
ToolangiForest,1
A,1
great,1
day,1
action,1
message,1
Dear,1
Dan,1
Toolangi,1
community,1
friends,1
joined,1
together,1
respectfully,1
ask,1
jonkudelka,1
Harvey,1
Norman,1
reckons,1
bunkum,1
because,1
mates,1
who,1
own,1
coal,1
companies,1
buy,1
polluting,1
stuff,1
send,1
crap,1
5,1
minutes,1
midnight,1
mute,1
Alaska,1
NorthSlope,1
hit,1
strongest,1
quake,1
noted,1
region,1
want,1
WHY,1
BC,1
DailySignal,1
Many,1
left,1
claim,1
CAwildfires,1
experts,1
say,1
misguided,1
environmentalist,1
In,1
latest,1
edition,1
Ripon,1
Forum,1
ColoradoStateU,1
professor,1
airscottdenning,1
explains,1
why,1
Science,1
HeatWave2018,1
future,1
An,1
further,1
reinforces,1
switch,1
enviroment,1
friendly,1
GeneMcVay,1
Help,1
save,1
Sasquatch,1
nip,1
bud,1
outsiders,1
L,1
Liberals,1
R,1
Fabian,1
Socialists,1
enacting,1
UN,1
Socialist,1
Soros,1
NWO,1
EddyJokovich,1
shows,1
Australian,1
politics,1
its,1
worst,1
Opportunists,1
idiots,1
morons,1
MPs,1
acting,1
bad,1
faith,1
price,1
wwreserve,1
Understand,1
what,1
ClimateChange,1
nature,1
manmade,1
changes,1
occur,1
Water,1
CNN,1
Looking,1
forward,1
back,1
MelbLawSchool,1
talk,1
cities,1
From,1
Paris,1
Pittsburgh,1
Ice,1
caps,1
melting,1
increasing,1
pollution,1
rising,1
species,1
only,1
have,1
one,1
humans,1
make,1
even,1
deadly,1
nails,1
piece,1
like,1
JoanneRyanLalor,1
At,1
dinner,1
four,1
Labor,1
colleagues,1
whom,1
shop,1
KMart,1
auspol,1
MrDenmore,1
If,1
definition,1
insanity,1
Australia,1
policies,1
disrupted,1
decade,1
wilfully,1
Jandy232,1
carolemorrissey,1
m,1
assuming,1
thinks,1
ll,1
dead,1
planet,1
uninhabitable,1
do,1
via,1
ConversationUS,1
BenPennings,1
Adani,1
visiting,1
schools,1
Materials,1
include,1
fact,1
sheet,1
mining,1
environment,1
fails,1
mention,1
PeterFurth,1
simply,1
impossible,1
an,1
affluent,1
society,1
avoid,1
crippling,1
without,1
charge,1
law,1
Oh,1
deal,1
quite,1
Like,1
add,1
numbers,1
such,1
crazy,1
planted,1
native,1
trees,1
so,1
far,1
monsoon,1
More,1
pics,1
here,1
WeMeanToClean,1
defies,1
any,1
form,1
rational,1
decision,1
making,1
country,1
continue,1
embrace,1
massive,1
projects,1
Just,1
worth,1
remembering,1
next,1
someone,1
insists,1
no,1
clear,1
between,1
inspire,1
act,1
Oil,1
tankers,1
vs,1
Starlings,1
2018,1
Is,1
Shaping,1
Up,1
Be,1
Year,1
Yet,1
Still,1
Not,1
Prepared,1
Warming,1
IslamicReliefPK,1
concrete,1
Havenaar64,1
asked,1
responded,1
refused,1
seanroche,1
One,1
final,1
not,1
designing,1
pricing,1
system,1
reduce,1
overall,1
traffic,1
volume,1
JariLiski,1
new,1
suitability,1
Yasso,1
model,1
soil,1
carbon,1
inventory,1
Germany,1
now,1
available,1
FOR,1
FREE,1
drharshvardhan,1
Reintroduction,1
MouseDeer,1
into,1
wild,1
was,1
perfect,1
example,1
leveraged,1
conserve,1
Bangladesh,1
Confronts,1
Change,1
book,1
goes,1
access,1
JPvanYpersele,1
mentioned,1
cut,1
fossil,1
fuel,1
subsidies,1
my,1
interview,1
TV5MONDEINFO,1
chlefHH,1
Halfway,1
boiling,1
city,1
50C,1
GlobalWarming,1
heatwave,1
