,Word,frequency,sentiment,category
12,problem,4575,"{'neg': 1.0, 'neu': 0.0, 'pos': 0.0, 'compound': -0.4019}",negative
22,fight,3364,"{'neg': 1.0, 'neu': 0.0, 'pos': 0.0, 'compound': -0.3818}",negative
23,lying,3337,"{'neg': 1.0, 'neu': 0.0, 'pos': 0.0, 'compound': -0.5267}",negative
61,stop,2046,"{'neg': 1.0, 'neu': 0.0, 'pos': 0.0, 'compound': -0.296}",negative
94,threat,1552,"{'neg': 1.0, 'neu': 0.0, 'pos': 0.0, 'compound': -0.5267}",negative
100,fire,1502,"{'neg': 1.0, 'neu': 0.0, 'pos': 0.0, 'compound': -0.34}",negative
148,blame,1125,"{'neg': 1.0, 'neu': 0.0, 'pos': 0.0, 'compound': -0.34}",negative
167,criticize,1024,"{'neg': 1.0, 'neu': 0.0, 'pos': 0.0, 'compound': -0.3818}",negative
178,crisis,981,"{'neg': 1.0, 'neu': 0.0, 'pos': 0.0, 'compound': -0.6249}",negative
179,worse,979,"{'neg': 1.0, 'neu': 0.0, 'pos': 0.0, 'compound': -0.4767}",negative
195,bad,902,"{'neg': 1.0, 'neu': 0.0, 'pos': 0.0, 'compound': -0.5423}",negative
206,risk,861,"{'neg': 1.0, 'neu': 0.0, 'pos': 0.0, 'compound': -0.2732}",negative
224,stopped,806,"{'neg': 1.0, 'neu': 0.0, 'pos': 0.0, 'compound': -0.2263}",negative
226,deny,803,"{'neg': 1.0, 'neu': 0.0, 'pos': 0.0, 'compound': -0.34}",negative
236,fighting,780,"{'neg': 1.0, 'neu': 0.0, 'pos': 0.0, 'compound': -0.3612}",negative
242,warn,771,"{'neg': 1.0, 'neu': 0.0, 'pos': 0.0, 'compound': -0.1027}",negative
248,serious,763,"{'neg': 1.0, 'neu': 0.0, 'pos': 0.0, 'compound': -0.0772}",negative
252,combat,756,"{'neg': 1.0, 'neu': 0.0, 'pos': 0.0, 'compound': -0.34}",negative
287,damage,676,"{'neg': 1.0, 'neu': 0.0, 'pos': 0.0, 'compound': -0.4939}",negative
304,hard,636,"{'neg': 1.0, 'neu': 0.0, 'pos': 0.0, 'compound': -0.1027}",negative
305,die,634,"{'neg': 1.0, 'neu': 0.0, 'pos': 0.0, 'compound': -0.5994}",negative
308,catastrophic,630,"{'neg': 1.0, 'neu': 0.0, 'pos': 0.0, 'compound': -0.4939}",negative
310,cut,625,"{'neg': 1.0, 'neu': 0.0, 'pos': 0.0, 'compound': -0.2732}",negative
311,dead,623,"{'neg': 1.0, 'neu': 0.0, 'pos': 0.0, 'compound': -0.6486}",negative
321,wrong,607,"{'neg': 1.0, 'neu': 0.0, 'pos': 0.0, 'compound': -0.4767}",negative
327,hoax,602,"{'neg': 1.0, 'neu': 0.0, 'pos': 0.0, 'compound': -0.2732}",negative
335,warning,588,"{'neg': 1.0, 'neu': 0.0, 'pos': 0.0, 'compound': -0.34}",negative
348,worst,557,"{'neg': 1.0, 'neu': 0.0, 'pos': 0.0, 'compound': -0.6249}",negative
353,disaster,553,"{'neg': 1.0, 'neu': 0.0, 'pos': 0.0, 'compound': -0.6249}",negative
365,devastating,543,"{'neg': 1.0, 'neu': 0.0, 'pos': 0.0, 'compound': -0.6486}",negative
370,loss,537,"{'neg': 1.0, 'neu': 0.0, 'pos': 0.0, 'compound': -0.3182}",negative
379,tough,528,"{'neg': 1.0, 'neu': 0.0, 'pos': 0.0, 'compound': -0.128}",negative
391,war,516,"{'neg': 1.0, 'neu': 0.0, 'pos': 0.0, 'compound': -0.5994}",negative
398,ban,510,"{'neg': 1.0, 'neu': 0.0, 'pos': 0.0, 'compound': -0.5574}",negative
406,killing,497,"{'neg': 1.0, 'neu': 0.0, 'pos': 0.0, 'compound': -0.6597}",negative
416,stupid,482,"{'neg': 1.0, 'neu': 0.0, 'pos': 0.0, 'compound': -0.5267}",negative
425,demand,470,"{'neg': 1.0, 'neu': 0.0, 'pos': 0.0, 'compound': -0.128}",negative
436,ignore,457,"{'neg': 1.0, 'neu': 0.0, 'pos': 0.0, 'compound': -0.3612}",negative
441,fired,450,"{'neg': 1.0, 'neu': 0.0, 'pos': 0.0, 'compound': -0.5574}",negative
449,illegal,442,"{'neg': 1.0, 'neu': 0.0, 'pos': 0.0, 'compound': -0.5574}",negative
463,dangerous,424,"{'neg': 1.0, 'neu': 0.0, 'pos': 0.0, 'compound': -0.4767}",negative
475,pay,413,"{'neg': 1.0, 'neu': 0.0, 'pos': 0.0, 'compound': -0.1027}",negative
477,denier,410,"{'neg': 1.0, 'neu': 0.0, 'pos': 0.0, 'compound': -0.3612}",negative
487,pretend,406,"{'neg': 1.0, 'neu': 0.0, 'pos': 0.0, 'compound': -0.1027}",negative
502,fake,396,"{'neg': 1.0, 'neu': 0.0, 'pos': 0.0, 'compound': -0.4767}",negative
514,emergency,381,"{'neg': 1.0, 'neu': 0.0, 'pos': 0.0, 'compound': -0.3818}",negative
517,danger,379,"{'neg': 1.0, 'neu': 0.0, 'pos': 0.0, 'compound': -0.5267}",negative
526,waste,373,"{'neg': 1.0, 'neu': 0.0, 'pos': 0.0, 'compound': -0.4215}",negative
569,leave,345,"{'neg': 1.0, 'neu': 0.0, 'pos': 0.0, 'compound': -0.0516}",negative
572,kill,342,"{'neg': 1.0, 'neu': 0.0, 'pos': 0.0, 'compound': -0.6908}",negative
578,damages,336,"{'neg': 1.0, 'neu': 0.0, 'pos': 0.0, 'compound': -0.4404}",negative
579,vulnerable,335,"{'neg': 1.0, 'neu': 0.0, 'pos': 0.0, 'compound': -0.2263}",negative
580,poverty,335,"{'neg': 1.0, 'neu': 0.0, 'pos': 0.0, 'compound': -0.5106}",negative
591,seriously,328,"{'neg': 1.0, 'neu': 0.0, 'pos': 0.0, 'compound': -0.1779}",negative
595,poor,327,"{'neg': 1.0, 'neu': 0.0, 'pos': 0.0, 'compound': -0.4767}",negative
602,disagree,323,"{'neg': 1.0, 'neu': 0.0, 'pos': 0.0, 'compound': -0.3818}",negative
619,avoid,314,"{'neg': 1.0, 'neu': 0.0, 'pos': 0.0, 'compound': -0.296}",negative
635,missing,308,"{'neg': 1.0, 'neu': 0.0, 'pos': 0.0, 'compound': -0.296}",negative
646,hate,303,"{'neg': 1.0, 'neu': 0.0, 'pos': 0.0, 'compound': -0.5719}",negative
682,resign,285,"{'neg': 1.0, 'neu': 0.0, 'pos': 0.0, 'compound': -0.34}",negative
693,losing,281,"{'neg': 1.0, 'neu': 0.0, 'pos': 0.0, 'compound': -0.3818}",negative
703,crazy,276,"{'neg': 1.0, 'neu': 0.0, 'pos': 0.0, 'compound': -0.34}",negative
704,critical,276,"{'neg': 1.0, 'neu': 0.0, 'pos': 0.0, 'compound': -0.3182}",negative
705,lost,276,"{'neg': 1.0, 'neu': 0.0, 'pos': 0.0, 'compound': -0.3182}",negative
710,sad,275,"{'neg': 1.0, 'neu': 0.0, 'pos': 0.0, 'compound': -0.4767}",negative
713,suffering,273,"{'neg': 1.0, 'neu': 0.0, 'pos': 0.0, 'compound': -0.4767}",negative
714,alone,273,"{'neg': 1.0, 'neu': 0.0, 'pos': 0.0, 'compound': -0.25}",negative
718,severe,272,"{'neg': 1.0, 'neu': 0.0, 'pos': 0.0, 'compound': -0.3818}",negative
723,fault,272,"{'neg': 1.0, 'neu': 0.0, 'pos': 0.0, 'compound': -0.4019}",negative
727,argument,269,"{'neg': 1.0, 'neu': 0.0, 'pos': 0.0, 'compound': -0.3612}",negative
753,lose,260,"{'neg': 1.0, 'neu': 0.0, 'pos': 0.0, 'compound': -0.4019}",negative
755,trouble,260,"{'neg': 1.0, 'neu': 0.0, 'pos': 0.0, 'compound': -0.4019}",negative
763,gun,257,"{'neg': 1.0, 'neu': 0.0, 'pos': 0.0, 'compound': -0.34}",negative
773,scary,253,"{'neg': 1.0, 'neu': 0.0, 'pos': 0.0, 'compound': -0.4939}",negative
800,death,245,"{'neg': 1.0, 'neu': 0.0, 'pos': 0.0, 'compound': -0.5994}",negative
813,worried,241,"{'neg': 1.0, 'neu': 0.0, 'pos': 0.0, 'compound': -0.296}",negative
815,protest,241,"{'neg': 1.0, 'neu': 0.0, 'pos': 0.0, 'compound': -0.25}",negative
816,idiot,241,"{'neg': 1.0, 'neu': 0.0, 'pos': 0.0, 'compound': -0.5106}",negative
828,destroy,237,"{'neg': 1.0, 'neu': 0.0, 'pos': 0.0, 'compound': -0.5423}",negative
847,hunger,231,"{'neg': 1.0, 'neu': 0.0, 'pos': 0.0, 'compound': -0.25}",negative
856,failure,229,"{'neg': 1.0, 'neu': 0.0, 'pos': 0.0, 'compound': -0.5106}",negative
863,fear,228,"{'neg': 1.0, 'neu': 0.0, 'pos': 0.0, 'compound': -0.4939}",negative
868,lack,226,"{'neg': 1.0, 'neu': 0.0, 'pos': 0.0, 'compound': -0.3182}",negative
871,assault,225,"{'neg': 1.0, 'neu': 0.0, 'pos': 0.0, 'compound': -0.5859}",negative
885,sorry,220,"{'neg': 1.0, 'neu': 0.0, 'pos': 0.0, 'compound': -0.0772}",negative
904,destruction,215,"{'neg': 1.0, 'neu': 0.0, 'pos': 0.0, 'compound': -0.5719}",negative
915,low,213,"{'neg': 1.0, 'neu': 0.0, 'pos': 0.0, 'compound': -0.2732}",negative
932,forced,207,"{'neg': 1.0, 'neu': 0.0, 'pos': 0.0, 'compound': -0.4588}",negative
934,barrier,207,"{'neg': 1.0, 'neu': 0.0, 'pos': 0.0, 'compound': -0.128}",negative
935,obstacle,207,"{'neg': 1.0, 'neu': 0.0, 'pos': 0.0, 'compound': -0.3612}",negative
955,dire,203,"{'neg': 1.0, 'neu': 0.0, 'pos': 0.0, 'compound': -0.4588}",negative
957,tragedy,202,"{'neg': 1.0, 'neu': 0.0, 'pos': 0.0, 'compound': -0.6597}",negative
968,hell,197,"{'neg': 1.0, 'neu': 0.0, 'pos': 0.0, 'compound': -0.6808}",negative
971,forget,197,"{'neg': 1.0, 'neu': 0.0, 'pos': 0.0, 'compound': -0.2263}",negative
994,inaction,192,"{'neg': 1.0, 'neu': 0.0, 'pos': 0.0, 'compound': -0.25}",negative
1002,miss,189,"{'neg': 1.0, 'neu': 0.0, 'pos': 0.0, 'compound': -0.1531}",negative
1015,battle,186,"{'neg': 1.0, 'neu': 0.0, 'pos': 0.0, 'compound': -0.3818}",negative
1021,affected,185,"{'neg': 1.0, 'neu': 0.0, 'pos': 0.0, 'compound': -0.1531}",negative
1030,ignorance,184,"{'neg': 1.0, 'neu': 0.0, 'pos': 0.0, 'compound': -0.3612}",negative
1038,blaming,180,"{'neg': 1.0, 'neu': 0.0, 'pos': 0.0, 'compound': -0.4939}",negative
1039,worry,180,"{'neg': 1.0, 'neu': 0.0, 'pos': 0.0, 'compound': -0.4404}",negative
1042,catastrophe,180,"{'neg': 1.0, 'neu': 0.0, 'pos': 0.0, 'compound': -0.6597}",negative
1044,offense,179,"{'neg': 1.0, 'neu': 0.0, 'pos': 0.0, 'compound': -0.25}",negative
1046,dumb,178,"{'neg': 1.0, 'neu': 0.0, 'pos': 0.0, 'compound': -0.5106}",negative
1056,ignorant,176,"{'neg': 1.0, 'neu': 0.0, 'pos': 0.0, 'compound': -0.2732}",negative
1064,lawsuit,174,"{'neg': 1.0, 'neu': 0.0, 'pos': 0.0, 'compound': -0.2263}",negative
1069,failing,173,"{'neg': 1.0, 'neu': 0.0, 'pos': 0.0, 'compound': -0.5106}",negative
1084,scam,171,"{'neg': 1.0, 'neu': 0.0, 'pos': 0.0, 'compound': -0.5719}",negative
1086,attack,170,"{'neg': 1.0, 'neu': 0.0, 'pos': 0.0, 'compound': -0.4767}",negative
1110,cutting,165,"{'neg': 1.0, 'neu': 0.0, 'pos': 0.0, 'compound': -0.128}",negative
1111,conspiracy,165,"{'neg': 1.0, 'neu': 0.0, 'pos': 0.0, 'compound': -0.5267}",negative
1117,terrible,163,"{'neg': 1.0, 'neu': 0.0, 'pos': 0.0, 'compound': -0.4767}",negative
1129,seriousness,161,"{'neg': 1.0, 'neu': 0.0, 'pos': 0.0, 'compound': -0.0516}",negative
1139,choke,159,"{'neg': 1.0, 'neu': 0.0, 'pos': 0.0, 'compound': -0.5423}",negative
1159,scandal,155,"{'neg': 1.0, 'neu': 0.0, 'pos': 0.0, 'compound': -0.4404}",negative
1171,racism,153,"{'neg': 1.0, 'neu': 0.0, 'pos': 0.0, 'compound': -0.6249}",negative
1179,conflict,152,"{'neg': 1.0, 'neu': 0.0, 'pos': 0.0, 'compound': -0.3182}",negative
1180,suing,152,"{'neg': 1.0, 'neu': 0.0, 'pos': 0.0, 'compound': -0.2732}",negative
1191,worsen,150,"{'neg': 1.0, 'neu': 0.0, 'pos': 0.0, 'compound': -0.5106}",negative
1195,damn,149,"{'neg': 1.0, 'neu': 0.0, 'pos': 0.0, 'compound': -0.4019}",negative
1199,angry,148,"{'neg': 1.0, 'neu': 0.0, 'pos': 0.0, 'compound': -0.5106}",negative
1211,cancer,146,"{'neg': 1.0, 'neu': 0.0, 'pos': 0.0, 'compound': -0.6597}",negative
1220,violence,144,"{'neg': 1.0, 'neu': 0.0, 'pos': 0.0, 'compound': -0.6249}",negative
1223,raging,143,"{'neg': 1.0, 'neu': 0.0, 'pos': 0.0, 'compound': -0.5267}",negative
1237,fail,139,"{'neg': 1.0, 'neu': 0.0, 'pos': 0.0, 'compound': -0.5423}",negative
1246,lower,137,"{'neg': 1.0, 'neu': 0.0, 'pos': 0.0, 'compound': -0.296}",negative
1249,dirty,137,"{'neg': 1.0, 'neu': 0.0, 'pos': 0.0, 'compound': -0.4404}",negative
1250,doubt,137,"{'neg': 1.0, 'neu': 0.0, 'pos': 0.0, 'compound': -0.3612}",negative
1272,harm,133,"{'neg': 1.0, 'neu': 0.0, 'pos': 0.0, 'compound': -0.5423}",negative
1273,falling,133,"{'neg': 1.0, 'neu': 0.0, 'pos': 0.0, 'compound': -0.1531}",negative
1274,pressure,133,"{'neg': 1.0, 'neu': 0.0, 'pos': 0.0, 'compound': -0.296}",negative
1295,refuse,130,"{'neg': 1.0, 'neu': 0.0, 'pos': 0.0, 'compound': -0.296}",negative
1303,nonsense,129,"{'neg': 1.0, 'neu': 0.0, 'pos': 0.0, 'compound': -0.4019}",negative
1305,terrifying,128,"{'neg': 1.0, 'neu': 0.0, 'pos': 0.0, 'compound': -0.5719}",negative
1308,greed,128,"{'neg': 1.0, 'neu': 0.0, 'pos': 0.0, 'compound': -0.4019}",negative
1309,struggling,128,"{'neg': 1.0, 'neu': 0.0, 'pos': 0.0, 'compound': -0.4215}",negative
1312,debt,128,"{'neg': 1.0, 'neu': 0.0, 'pos': 0.0, 'compound': -0.3612}",negative
1318,collapse,127,"{'neg': 1.0, 'neu': 0.0, 'pos': 0.0, 'compound': -0.4939}",negative
1321,alarming,126,"{'neg': 1.0, 'neu': 0.0, 'pos': 0.0, 'compound': -0.128}",negative
1322,threatening,126,"{'neg': 1.0, 'neu': 0.0, 'pos': 0.0, 'compound': -0.5267}",negative
1328,irreversible,125,"{'neg': 1.0, 'neu': 0.0, 'pos': 0.0, 'compound': -0.2023}",negative
1329,alarm,125,"{'neg': 1.0, 'neu': 0.0, 'pos': 0.0, 'compound': -0.34}",negative
1354,negative,122,"{'neg': 1.0, 'neu': 0.0, 'pos': 0.0, 'compound': -0.5719}",negative
1366,grave,120,"{'neg': 1.0, 'neu': 0.0, 'pos': 0.0, 'compound': -0.3818}",negative
1386,difficult,119,"{'neg': 1.0, 'neu': 0.0, 'pos': 0.0, 'compound': -0.3612}",negative
1389,ridiculous,118,"{'neg': 1.0, 'neu': 0.0, 'pos': 0.0, 'compound': -0.3612}",negative
1404,devastation,117,"{'neg': 1.0, 'neu': 0.0, 'pos': 0.0, 'compound': -0.4215}",negative
1407,disturbing,116,"{'neg': 1.0, 'neu': 0.0, 'pos': 0.0, 'compound': -0.5106}",negative
1417,sadly,115,"{'neg': 1.0, 'neu': 0.0, 'pos': 0.0, 'compound': -0.4215}",negative
1420,abuse,115,"{'neg': 1.0, 'neu': 0.0, 'pos': 0.0, 'compound': -0.6369}",negative
1424,fraud,114,"{'neg': 1.0, 'neu': 0.0, 'pos': 0.0, 'compound': -0.5859}",negative
1426,worsening,114,"{'neg': 1.0, 'neu': 0.0, 'pos': 0.0, 'compound': -0.4588}",negative
1443,embarrassing,112,"{'neg': 1.0, 'neu': 0.0, 'pos': 0.0, 'compound': -0.3818}",negative
1462,suffer,109,"{'neg': 1.0, 'neu': 0.0, 'pos': 0.0, 'compound': -0.5423}",negative
1464,degradation,109,"{'neg': 1.0, 'neu': 0.0, 'pos': 0.0, 'compound': -0.5267}",negative
1476,sick,108,"{'neg': 1.0, 'neu': 0.0, 'pos': 0.0, 'compound': -0.5106}",negative
1498,rage,106,"{'neg': 1.0, 'neu': 0.0, 'pos': 0.0, 'compound': -0.5574}",negative
1506,polluted,105,"{'neg': 1.0, 'neu': 0.0, 'pos': 0.0, 'compound': -0.4588}",negative
1509,disastrous,105,"{'neg': 1.0, 'neu': 0.0, 'pos': 0.0, 'compound': -0.5994}",negative
1512,moron,105,"{'neg': 1.0, 'neu': 0.0, 'pos': 0.0, 'compound': -0.4939}",negative
1520,interrupted,104,"{'neg': 1.0, 'neu': 0.0, 'pos': 0.0, 'compound': -0.296}",negative
1532,strike,103,"{'neg': 1.0, 'neu': 0.0, 'pos': 0.0, 'compound': -0.128}",negative
1537,upset,102,"{'neg': 1.0, 'neu': 0.0, 'pos': 0.0, 'compound': -0.3818}",negative
1552,mad,101,"{'neg': 1.0, 'neu': 0.0, 'pos': 0.0, 'compound': -0.4939}",negative
1562,liar,100,"{'neg': 1.0, 'neu': 0.0, 'pos': 0.0, 'compound': -0.5106}",negative
1567,stealing,100,"{'neg': 1.0, 'neu': 0.0, 'pos': 0.0, 'compound': -0.5719}",negative
1572,propaganda,99,"{'neg': 1.0, 'neu': 0.0, 'pos': 0.0, 'compound': -0.25}",negative
1574,argue,99,"{'neg': 1.0, 'neu': 0.0, 'pos': 0.0, 'compound': -0.34}",negative
1584,racist,97,"{'neg': 1.0, 'neu': 0.0, 'pos': 0.0, 'compound': -0.6124}",negative
1593,skepticism,96,"{'neg': 1.0, 'neu': 0.0, 'pos': 0.0, 'compound': -0.25}",negative
1600,stopping,96,"{'neg': 1.0, 'neu': 0.0, 'pos': 0.0, 'compound': -0.1531}",negative
1601,blamed,96,"{'neg': 1.0, 'neu': 0.0, 'pos': 0.0, 'compound': -0.4767}",negative
1607,skeptic,95,"{'neg': 1.0, 'neu': 0.0, 'pos': 0.0, 'compound': -0.2263}",negative
1612,anxiety,95,"{'neg': 1.0, 'neu': 0.0, 'pos': 0.0, 'compound': -0.1779}",negative
1614,dangerously,94,"{'neg': 1.0, 'neu': 0.0, 'pos': 0.0, 'compound': -0.4588}",negative
1621,ass,94,"{'neg': 1.0, 'neu': 0.0, 'pos': 0.0, 'compound': -0.5423}",negative
1624,depression,94,"{'neg': 1.0, 'neu': 0.0, 'pos': 0.0, 'compound': -0.5719}",negative
1625,crap,93,"{'neg': 1.0, 'neu': 0.0, 'pos': 0.0, 'compound': -0.3818}",negative
1638,embarrassment,93,"{'neg': 1.0, 'neu': 0.0, 'pos': 0.0, 'compound': -0.4404}",negative
1646,tired,91,"{'neg': 1.0, 'neu': 0.0, 'pos': 0.0, 'compound': -0.4404}",negative
1661,doom,89,"{'neg': 1.0, 'neu': 0.0, 'pos': 0.0, 'compound': -0.4019}",negative
1676,horrible,88,"{'neg': 1.0, 'neu': 0.0, 'pos': 0.0, 'compound': -0.5423}",negative
1681,hurt,88,"{'neg': 1.0, 'neu': 0.0, 'pos': 0.0, 'compound': -0.5267}",negative
1683,drop,88,"{'neg': 1.0, 'neu': 0.0, 'pos': 0.0, 'compound': -0.2732}",negative
1705,stupidity,86,"{'neg': 1.0, 'neu': 0.0, 'pos': 0.0, 'compound': -0.4404}",negative
1718,crime,85,"{'neg': 1.0, 'neu': 0.0, 'pos': 0.0, 'compound': -0.5423}",negative
1728,rebellion,85,"{'neg': 1.0, 'neu': 0.0, 'pos': 0.0, 'compound': -0.128}",negative
1733,misleading,85,"{'neg': 1.0, 'neu': 0.0, 'pos': 0.0, 'compound': -0.4019}",negative
1766,misinformation,82,"{'neg': 1.0, 'neu': 0.0, 'pos': 0.0, 'compound': -0.3182}",negative
1770,unfortunately,82,"{'neg': 1.0, 'neu': 0.0, 'pos': 0.0, 'compound': -0.34}",negative
1772,threaten,82,"{'neg': 1.0, 'neu': 0.0, 'pos': 0.0, 'compound': -0.3818}",negative
1774,destructive,82,"{'neg': 1.0, 'neu': 0.0, 'pos': 0.0, 'compound': -0.6124}",negative
1787,insanity,81,"{'neg': 1.0, 'neu': 0.0, 'pos': 0.0, 'compound': -0.5719}",negative
1816,freezing,80,"{'neg': 1.0, 'neu': 0.0, 'pos': 0.0, 'compound': -0.1027}",negative
1825,demanding,79,"{'neg': 1.0, 'neu': 0.0, 'pos': 0.0, 'compound': -0.2263}",negative
1831,aggressive,79,"{'neg': 1.0, 'neu': 0.0, 'pos': 0.0, 'compound': -0.1531}",negative
1843,skeptical,78,"{'neg': 1.0, 'neu': 0.0, 'pos': 0.0, 'compound': -0.3182}",negative
1847,shame,77,"{'neg': 1.0, 'neu': 0.0, 'pos': 0.0, 'compound': -0.4767}",negative
1849,pathetic,77,"{'neg': 1.0, 'neu': 0.0, 'pos': 0.0, 'compound': -0.5719}",negative
1854,broken,77,"{'neg': 1.0, 'neu': 0.0, 'pos': 0.0, 'compound': -0.4767}",negative
1857,distract,77,"{'neg': 1.0, 'neu': 0.0, 'pos': 0.0, 'compound': -0.296}",negative
1863,farce,76,"{'neg': 1.0, 'neu': 0.0, 'pos': 0.0, 'compound': -0.4019}",negative
1880,stress,75,"{'neg': 1.0, 'neu': 0.0, 'pos': 0.0, 'compound': -0.4215}",negative
1882,desperate,75,"{'neg': 1.0, 'neu': 0.0, 'pos': 0.0, 'compound': -0.3182}",negative
1883,heartbreaking,75,"{'neg': 1.0, 'neu': 0.0, 'pos': 0.0, 'compound': -0.4588}",negative
1897,weak,74,"{'neg': 1.0, 'neu': 0.0, 'pos': 0.0, 'compound': -0.4404}",negative
1899,weird,74,"{'neg': 1.0, 'neu': 0.0, 'pos': 0.0, 'compound': -0.1779}",negative
1904,distracted,74,"{'neg': 1.0, 'neu': 0.0, 'pos': 0.0, 'compound': -0.34}",negative
1915,block,73,"{'neg': 1.0, 'neu': 0.0, 'pos': 0.0, 'compound': -0.4404}",negative
1932,isolation,72,"{'neg': 1.0, 'neu': 0.0, 'pos': 0.0, 'compound': -0.4019}",negative
1938,chaos,71,"{'neg': 1.0, 'neu': 0.0, 'pos': 0.0, 'compound': -0.5719}",negative
1941,struggle,71,"{'neg': 1.0, 'neu': 0.0, 'pos': 0.0, 'compound': -0.3182}",negative
1945,wasting,71,"{'neg': 1.0, 'neu': 0.0, 'pos': 0.0, 'compound': -0.4019}",negative
1979,havoc,68,"{'neg': 1.0, 'neu': 0.0, 'pos': 0.0, 'compound': -0.5994}",negative
1985,criminal,68,"{'neg': 1.0, 'neu': 0.0, 'pos': 0.0, 'compound': -0.5267}",negative
1989,litigation,68,"{'neg': 1.0, 'neu': 0.0, 'pos': 0.0, 'compound': -0.2023}",negative
1994,strange,68,"{'neg': 1.0, 'neu': 0.0, 'pos': 0.0, 'compound': -0.2023}",negative
2004,hellish,67,"{'neg': 1.0, 'neu': 0.0, 'pos': 0.0, 'compound': -0.6369}",negative
2005,loose,67,"{'neg': 1.0, 'neu': 0.0, 'pos': 0.0, 'compound': -0.3182}",negative
2008,shocking,67,"{'neg': 1.0, 'neu': 0.0, 'pos': 0.0, 'compound': -0.4019}",negative
2009,evil,67,"{'neg': 1.0, 'neu': 0.0, 'pos': 0.0, 'compound': -0.6597}",negative
2011,disappear,67,"{'neg': 1.0, 'neu': 0.0, 'pos': 0.0, 'compound': -0.2263}",negative
2034,confront,66,"{'neg': 1.0, 'neu': 0.0, 'pos': 0.0, 'compound': -0.1779}",negative
2038,insane,66,"{'neg': 1.0, 'neu': 0.0, 'pos': 0.0, 'compound': -0.4019}",negative
2047,burden,65,"{'neg': 1.0, 'neu': 0.0, 'pos': 0.0, 'compound': -0.4404}",negative
2090,terrorism,63,"{'neg': 1.0, 'neu': 0.0, 'pos': 0.0, 'compound': -0.6808}",negative
2106,delay,62,"{'neg': 1.0, 'neu': 0.0, 'pos': 0.0, 'compound': -0.3182}",negative
2110,defeat,62,"{'neg': 1.0, 'neu': 0.0, 'pos': 0.0, 'compound': -0.4588}",negative
2115,crash,62,"{'neg': 1.0, 'neu': 0.0, 'pos': 0.0, 'compound': -0.4019}",negative
2120,mistake,61,"{'neg': 1.0, 'neu': 0.0, 'pos': 0.0, 'compound': -0.34}",negative
2134,refusing,61,"{'neg': 1.0, 'neu': 0.0, 'pos': 0.0, 'compound': -0.4019}",negative
2136,irresponsible,61,"{'neg': 1.0, 'neu': 0.0, 'pos': 0.0, 'compound': -0.4404}",negative
2139,reckless,61,"{'neg': 1.0, 'neu': 0.0, 'pos': 0.0, 'compound': -0.4019}",negative
2144,exposed,60,"{'neg': 1.0, 'neu': 0.0, 'pos': 0.0, 'compound': -0.0772}",negative
2147,anti,60,"{'neg': 1.0, 'neu': 0.0, 'pos': 0.0, 'compound': -0.3182}",negative
2170,steal,60,"{'neg': 1.0, 'neu': 0.0, 'pos': 0.0, 'compound': -0.4939}",negative
2176,frightening,59,"{'neg': 1.0, 'neu': 0.0, 'pos': 0.0, 'compound': -0.4939}",negative
2182,mess,59,"{'neg': 1.0, 'neu': 0.0, 'pos': 0.0, 'compound': -0.3612}",negative
2184,blind,59,"{'neg': 1.0, 'neu': 0.0, 'pos': 0.0, 'compound': -0.4019}",negative
2186,reject,59,"{'neg': 1.0, 'neu': 0.0, 'pos': 0.0, 'compound': -0.4019}",negative
2199,blocking,58,"{'neg': 1.0, 'neu': 0.0, 'pos': 0.0, 'compound': -0.3818}",negative
2207,scare,58,"{'neg': 1.0, 'neu': 0.0, 'pos': 0.0, 'compound': -0.4939}",negative
2209,torture,58,"{'neg': 1.0, 'neu': 0.0, 'pos': 0.0, 'compound': -0.5994}",negative
2220,vulnerability,57,"{'neg': 1.0, 'neu': 0.0, 'pos': 0.0, 'compound': -0.2263}",negative
2224,hurting,57,"{'neg': 1.0, 'neu': 0.0, 'pos': 0.0, 'compound': -0.4019}",negative
2230,accused,56,"{'neg': 1.0, 'neu': 0.0, 'pos': 0.0, 'compound': -0.296}",negative
2236,despair,56,"{'neg': 1.0, 'neu': 0.0, 'pos': 0.0, 'compound': -0.3182}",negative
2237,menace,56,"{'neg': 1.0, 'neu': 0.0, 'pos': 0.0, 'compound': -0.4939}",negative
2249,disgrace,56,"{'neg': 1.0, 'neu': 0.0, 'pos': 0.0, 'compound': -0.4939}",negative
2276,broke,55,"{'neg': 1.0, 'neu': 0.0, 'pos': 0.0, 'compound': -0.4215}",negative
2278,bloody,55,"{'neg': 1.0, 'neu': 0.0, 'pos': 0.0, 'compound': -0.4404}",negative
2293,fought,54,"{'neg': 1.0, 'neu': 0.0, 'pos': 0.0, 'compound': -0.3182}",negative
2299,fatal,53,"{'neg': 1.0, 'neu': 0.0, 'pos': 0.0, 'compound': -0.5423}",negative
2322,cry,52,"{'neg': 1.0, 'neu': 0.0, 'pos': 0.0, 'compound': -0.4767}",negative
2332,guilt,51,"{'neg': 1.0, 'neu': 0.0, 'pos': 0.0, 'compound': -0.2732}",negative
2335,sobering,51,"{'neg': 1.0, 'neu': 0.0, 'pos': 0.0, 'compound': -0.2023}",negative
2344,killer,51,"{'neg': 1.0, 'neu': 0.0, 'pos': 0.0, 'compound': -0.6486}",negative
2353,boreal,51,"{'neg': 1.0, 'neu': 0.0, 'pos': 0.0, 'compound': -0.0772}",negative
2358,murder,51,"{'neg': 1.0, 'neu': 0.0, 'pos': 0.0, 'compound': -0.6908}",negative
2360,awful,51,"{'neg': 1.0, 'neu': 0.0, 'pos': 0.0, 'compound': -0.4588}",negative
2369,uncertainty,50,"{'neg': 1.0, 'neu': 0.0, 'pos': 0.0, 'compound': -0.34}",negative
2385,hysteria,50,"{'neg': 1.0, 'neu': 0.0, 'pos': 0.0, 'compound': -0.4404}",negative
2388,oxymoron,50,"{'neg': 1.0, 'neu': 0.0, 'pos': 0.0, 'compound': -0.128}",negative
2402,disruption,49,"{'neg': 1.0, 'neu': 0.0, 'pos': 0.0, 'compound': -0.3612}",negative
2406,bizarre,49,"{'neg': 1.0, 'neu': 0.0, 'pos': 0.0, 'compound': -0.3182}",negative
2427,suicide,48,"{'neg': 1.0, 'neu': 0.0, 'pos': 0.0, 'compound': -0.6705}",negative
2428,unacceptable,48,"{'neg': 1.0, 'neu': 0.0, 'pos': 0.0, 'compound': -0.4588}",negative
2440,boring,48,"{'neg': 1.0, 'neu': 0.0, 'pos': 0.0, 'compound': -0.3182}",negative
2462,worrying,47,"{'neg': 1.0, 'neu': 0.0, 'pos': 0.0, 'compound': -0.34}",negative
2476,greedy,46,"{'neg': 1.0, 'neu': 0.0, 'pos': 0.0, 'compound': -0.3182}",negative
2489,irony,46,"{'neg': 1.0, 'neu': 0.0, 'pos': 0.0, 'compound': -0.0516}",negative
2514,lied,45,"{'neg': 1.0, 'neu': 0.0, 'pos': 0.0, 'compound': -0.3818}",negative
2518,hypocritical,45,"{'neg': 1.0, 'neu': 0.0, 'pos': 0.0, 'compound': -0.4588}",negative
2526,unstoppable,44,"{'neg': 1.0, 'neu': 0.0, 'pos': 0.0, 'compound': -0.2023}",negative
2535,undermine,44,"{'neg': 1.0, 'neu': 0.0, 'pos': 0.0, 'compound': -0.296}",negative
2548,shortage,44,"{'neg': 1.0, 'neu': 0.0, 'pos': 0.0, 'compound': -0.25}",negative
2555,weaken,43,"{'neg': 1.0, 'neu': 0.0, 'pos': 0.0, 'compound': -0.4215}",negative
2561,suck,43,"{'neg': 1.0, 'neu': 0.0, 'pos': 0.0, 'compound': -0.4404}",negative
2562,fool,43,"{'neg': 1.0, 'neu': 0.0, 'pos': 0.0, 'compound': -0.4404}",negative
2587,dick,43,"{'neg': 1.0, 'neu': 0.0, 'pos': 0.0, 'compound': -0.5106}",negative
2594,naive,43,"{'neg': 1.0, 'neu': 0.0, 'pos': 0.0, 'compound': -0.2732}",negative
2625,sarcasm,42,"{'neg': 1.0, 'neu': 0.0, 'pos': 0.0, 'compound': -0.2263}",negative
2629,limited,41,"{'neg': 1.0, 'neu': 0.0, 'pos': 0.0, 'compound': -0.2263}",negative
2632,uncertain,41,"{'neg': 1.0, 'neu': 0.0, 'pos': 0.0, 'compound': -0.296}",negative
2657,confused,41,"{'neg': 1.0, 'neu': 0.0, 'pos': 0.0, 'compound': -0.3182}",negative
2679,bias,40,"{'neg': 1.0, 'neu': 0.0, 'pos': 0.0, 'compound': -0.1027}",negative
2690,stuck,40,"{'neg': 1.0, 'neu': 0.0, 'pos': 0.0, 'compound': -0.25}",negative
2696,outrage,40,"{'neg': 1.0, 'neu': 0.0, 'pos': 0.0, 'compound': -0.5106}",negative
2702,abandon,40,"{'neg': 1.0, 'neu': 0.0, 'pos': 0.0, 'compound': -0.4404}",negative
2703,enemy,40,"{'neg': 1.0, 'neu': 0.0, 'pos': 0.0, 'compound': -0.5423}",negative
2723,depressing,39,"{'neg': 1.0, 'neu': 0.0, 'pos': 0.0, 'compound': -0.3818}",negative
2728,guilty,39,"{'neg': 1.0, 'neu': 0.0, 'pos': 0.0, 'compound': -0.4215}",negative
2736,bother,39,"{'neg': 1.0, 'neu': 0.0, 'pos': 0.0, 'compound': -0.34}",negative
2747,lone,39,"{'neg': 1.0, 'neu': 0.0, 'pos': 0.0, 'compound': -0.2732}",negative
2749,abandoned,39,"{'neg': 1.0, 'neu': 0.0, 'pos': 0.0, 'compound': -0.4588}",negative
2753,horror,39,"{'neg': 1.0, 'neu': 0.0, 'pos': 0.0, 'compound': -0.5719}",negative
2754,hateful,39,"{'neg': 1.0, 'neu': 0.0, 'pos': 0.0, 'compound': -0.4939}",negative
2766,cynical,38,"{'neg': 1.0, 'neu': 0.0, 'pos': 0.0, 'compound': -0.3818}",negative
2776,pollute,38,"{'neg': 1.0, 'neu': 0.0, 'pos': 0.0, 'compound': -0.5106}",negative
2781,costly,38,"{'neg': 1.0, 'neu': 0.0, 'pos': 0.0, 'compound': -0.1027}",negative
2784,screwed,38,"{'neg': 1.0, 'neu': 0.0, 'pos': 0.0, 'compound': -0.4939}",negative
2788,troubling,38,"{'neg': 1.0, 'neu': 0.0, 'pos': 0.0, 'compound': -0.5423}",negative
2801,offensive,38,"{'neg': 1.0, 'neu': 0.0, 'pos': 0.0, 'compound': -0.4588}",negative
2807,doomsday,38,"{'neg': 1.0, 'neu': 0.0, 'pos': 0.0, 'compound': -0.5859}",negative
2808,prison,38,"{'neg': 1.0, 'neu': 0.0, 'pos': 0.0, 'compound': -0.5106}",negative
2811,bomb,37,"{'neg': 1.0, 'neu': 0.0, 'pos': 0.0, 'compound': -0.4939}",negative
2812,dodgy,37,"{'neg': 1.0, 'neu': 0.0, 'pos': 0.0, 'compound': -0.2263}",negative
2814,avert,37,"{'neg': 1.0, 'neu': 0.0, 'pos': 0.0, 'compound': -0.1779}",negative
2820,hide,37,"{'neg': 1.0, 'neu': 0.0, 'pos': 0.0, 'compound': -0.1779}",negative
2821,brutal,37,"{'neg': 1.0, 'neu': 0.0, 'pos': 0.0, 'compound': -0.6249}",negative
2834,deficit,37,"{'neg': 1.0, 'neu': 0.0, 'pos': 0.0, 'compound': -0.4019}",negative
2850,tantrum,37,"{'neg': 1.0, 'neu': 0.0, 'pos': 0.0, 'compound': -0.4215}",negative
2853,expose,36,"{'neg': 1.0, 'neu': 0.0, 'pos': 0.0, 'compound': -0.1531}",negative
2861,insecurity,36,"{'neg': 1.0, 'neu': 0.0, 'pos': 0.0, 'compound': -0.4215}",negative
2862,weapon,36,"{'neg': 1.0, 'neu': 0.0, 'pos': 0.0, 'compound': -0.296}",negative
2863,alarmism,36,"{'neg': 1.0, 'neu': 0.0, 'pos': 0.0, 'compound': -0.0772}",negative
2869,crying,36,"{'neg': 1.0, 'neu': 0.0, 'pos': 0.0, 'compound': -0.4767}",negative
2887,undermining,36,"{'neg': 1.0, 'neu': 0.0, 'pos': 0.0, 'compound': -0.3612}",negative
2900,fallen,35,"{'neg': 1.0, 'neu': 0.0, 'pos': 0.0, 'compound': -0.3612}",negative
2907,leak,35,"{'neg': 1.0, 'neu': 0.0, 'pos': 0.0, 'compound': -0.34}",negative
2919,grief,35,"{'neg': 1.0, 'neu': 0.0, 'pos': 0.0, 'compound': -0.4939}",negative
2925,crushed,35,"{'neg': 1.0, 'neu': 0.0, 'pos': 0.0, 'compound': -0.4215}",negative
2926,dump,35,"{'neg': 1.0, 'neu': 0.0, 'pos': 0.0, 'compound': -0.3818}",negative
2928,panic,35,"{'neg': 1.0, 'neu': 0.0, 'pos': 0.0, 'compound': -0.5106}",negative
2931,crushing,35,"{'neg': 1.0, 'neu': 0.0, 'pos': 0.0, 'compound': -0.3612}",negative
2934,inconvenient,35,"{'neg': 1.0, 'neu': 0.0, 'pos': 0.0, 'compound': -0.34}",negative
2936,anger,35,"{'neg': 1.0, 'neu': 0.0, 'pos': 0.0, 'compound': -0.5719}",negative
2940,pain,35,"{'neg': 1.0, 'neu': 0.0, 'pos': 0.0, 'compound': -0.5106}",negative
2951,bitch,34,"{'neg': 1.0, 'neu': 0.0, 'pos': 0.0, 'compound': -0.5859}",negative
2964,looming,34,"{'neg': 1.0, 'neu': 0.0, 'pos': 0.0, 'compound': -0.128}",negative
2975,forgotten,34,"{'neg': 1.0, 'neu': 0.0, 'pos': 0.0, 'compound': -0.2263}",negative
2978,blocked,34,"{'neg': 1.0, 'neu': 0.0, 'pos': 0.0, 'compound': -0.2732}",negative
3002,scream,33,"{'neg': 1.0, 'neu': 0.0, 'pos': 0.0, 'compound': -0.4019}",negative
3011,apocalyptic,33,"{'neg': 1.0, 'neu': 0.0, 'pos': 0.0, 'compound': -0.6597}",negative
3014,gloom,33,"{'neg': 1.0, 'neu': 0.0, 'pos': 0.0, 'compound': -0.5574}",negative
3017,savage,33,"{'neg': 1.0, 'neu': 0.0, 'pos': 0.0, 'compound': -0.4588}",negative
3029,indifference,33,"{'neg': 1.0, 'neu': 0.0, 'pos': 0.0, 'compound': -0.0516}",negative
3032,cancel,33,"{'neg': 1.0, 'neu': 0.0, 'pos': 0.0, 'compound': -0.25}",negative
3034,rape,33,"{'neg': 1.0, 'neu': 0.0, 'pos': 0.0, 'compound': -0.6908}",negative
3045,ill,32,"{'neg': 1.0, 'neu': 0.0, 'pos': 0.0, 'compound': -0.4215}",negative
3046,victim,32,"{'neg': 1.0, 'neu': 0.0, 'pos': 0.0, 'compound': -0.2732}",negative
3055,unemployment,32,"{'neg': 1.0, 'neu': 0.0, 'pos': 0.0, 'compound': -0.4404}",negative
3056,severely,32,"{'neg': 1.0, 'neu': 0.0, 'pos': 0.0, 'compound': -0.4588}",negative
3061,resigned,32,"{'neg': 1.0, 'neu': 0.0, 'pos': 0.0, 'compound': -0.25}",negative
3066,adverse,32,"{'neg': 1.0, 'neu': 0.0, 'pos': 0.0, 'compound': -0.3612}",negative
3070,horrific,32,"{'neg': 1.0, 'neu': 0.0, 'pos': 0.0, 'compound': -0.6597}",negative
3081,tragic,32,"{'neg': 1.0, 'neu': 0.0, 'pos': 0.0, 'compound': -0.4588}",negative
3091,disappointing,32,"{'neg': 1.0, 'neu': 0.0, 'pos': 0.0, 'compound': -0.4939}",negative
3092,rigorous,32,"{'neg': 1.0, 'neu': 0.0, 'pos': 0.0, 'compound': -0.2732}",negative
3099,harassment,32,"{'neg': 1.0, 'neu': 0.0, 'pos': 0.0, 'compound': -0.5423}",negative
3100,contradict,32,"{'neg': 1.0, 'neu': 0.0, 'pos': 0.0, 'compound': -0.3182}",negative
3133,isolated,31,"{'neg': 1.0, 'neu': 0.0, 'pos': 0.0, 'compound': -0.3182}",negative
3167,terrorist,30,"{'neg': 1.0, 'neu': 0.0, 'pos': 0.0, 'compound': -0.6908}",negative
3182,shameful,30,"{'neg': 1.0, 'neu': 0.0, 'pos': 0.0, 'compound': -0.4939}",negative
3195,furious,30,"{'neg': 1.0, 'neu': 0.0, 'pos': 0.0, 'compound': -0.5719}",negative
3204,mourning,30,"{'neg': 1.0, 'neu': 0.0, 'pos': 0.0, 'compound': -0.4404}",negative
3225,disappointed,29,"{'neg': 1.0, 'neu': 0.0, 'pos': 0.0, 'compound': -0.4767}",negative
3240,violent,29,"{'neg': 1.0, 'neu': 0.0, 'pos': 0.0, 'compound': -0.5994}",negative
3245,madness,29,"{'neg': 1.0, 'neu': 0.0, 'pos': 0.0, 'compound': -0.4404}",negative
3249,grim,29,"{'neg': 1.0, 'neu': 0.0, 'pos': 0.0, 'compound': -0.5719}",negative
3250,disgusting,29,"{'neg': 1.0, 'neu': 0.0, 'pos': 0.0, 'compound': -0.5267}",negative
3261,controversial,29,"{'neg': 1.0, 'neu': 0.0, 'pos': 0.0, 'compound': -0.2023}",negative
3280,lazy,28,"{'neg': 1.0, 'neu': 0.0, 'pos': 0.0, 'compound': -0.3612}",negative
3286,empty,28,"{'neg': 1.0, 'neu': 0.0, 'pos': 0.0, 'compound': -0.2023}",negative
3307,ruin,28,"{'neg': 1.0, 'neu': 0.0, 'pos': 0.0, 'compound': -0.5859}",negative
3308,slashing,28,"{'neg': 1.0, 'neu': 0.0, 'pos': 0.0, 'compound': -0.2732}",negative
3313,moronic,28,"{'neg': 1.0, 'neu': 0.0, 'pos': 0.0, 'compound': -0.5719}",negative
3326,injustice,28,"{'neg': 1.0, 'neu': 0.0, 'pos': 0.0, 'compound': -0.5719}",negative
3331,wasted,28,"{'neg': 1.0, 'neu': 0.0, 'pos': 0.0, 'compound': -0.4939}",negative
3333,swear,28,"{'neg': 1.0, 'neu': 0.0, 'pos': 0.0, 'compound': -0.0516}",negative
3356,useless,27,"{'neg': 1.0, 'neu': 0.0, 'pos': 0.0, 'compound': -0.4215}",negative
3374,error,27,"{'neg': 1.0, 'neu': 0.0, 'pos': 0.0, 'compound': -0.4019}",negative
3377,cynicism,27,"{'neg': 1.0, 'neu': 0.0, 'pos': 0.0, 'compound': -0.4019}",negative
3386,immoral,27,"{'neg': 1.0, 'neu': 0.0, 'pos': 0.0, 'compound': -0.4588}",negative
3388,alarmed,27,"{'neg': 1.0, 'neu': 0.0, 'pos': 0.0, 'compound': -0.34}",negative
3391,trick,27,"{'neg': 1.0, 'neu': 0.0, 'pos': 0.0, 'compound': -0.0516}",negative
3409,rainy,26,"{'neg': 1.0, 'neu': 0.0, 'pos': 0.0, 'compound': -0.0772}",negative
3412,shock,26,"{'neg': 1.0, 'neu': 0.0, 'pos': 0.0, 'compound': -0.3818}",negative
3422,hysterics,26,"{'neg': 1.0, 'neu': 0.0, 'pos': 0.0, 'compound': -0.4215}",negative
3450,upsetting,26,"{'neg': 1.0, 'neu': 0.0, 'pos': 0.0, 'compound': -0.4767}",negative
3457,shoot,26,"{'neg': 1.0, 'neu': 0.0, 'pos': 0.0, 'compound': -0.34}",negative
3491,desperately,25,"{'neg': 1.0, 'neu': 0.0, 'pos': 0.0, 'compound': -0.3818}",negative
3504,polluter,25,"{'neg': 1.0, 'neu': 0.0, 'pos': 0.0, 'compound': -0.4215}",negative
3519,rob,25,"{'neg': 1.0, 'neu': 0.0, 'pos': 0.0, 'compound': -0.5574}",negative
3522,ugh,25,"{'neg': 1.0, 'neu': 0.0, 'pos': 0.0, 'compound': -0.4215}",negative
3544,craziness,25,"{'neg': 1.0, 'neu': 0.0, 'pos': 0.0, 'compound': -0.3818}",negative
3569,punish,24,"{'neg': 1.0, 'neu': 0.0, 'pos': 0.0, 'compound': -0.5267}",negative
3574,liability,24,"{'neg': 1.0, 'neu': 0.0, 'pos': 0.0, 'compound': -0.2023}",negative
3610,idiotic,24,"{'neg': 1.0, 'neu': 0.0, 'pos': 0.0, 'compound': -0.5574}",negative
3611,embarrassed,24,"{'neg': 1.0, 'neu': 0.0, 'pos': 0.0, 'compound': -0.3612}",negative
3618,bullying,24,"{'neg': 1.0, 'neu': 0.0, 'pos': 0.0, 'compound': -0.5994}",negative
3623,penalty,24,"{'neg': 1.0, 'neu': 0.0, 'pos': 0.0, 'compound': -0.4588}",negative
3638,degrading,23,"{'neg': 1.0, 'neu': 0.0, 'pos': 0.0, 'compound': -0.5859}",negative
3645,outrageous,23,"{'neg': 1.0, 'neu': 0.0, 'pos': 0.0, 'compound': -0.4588}",negative
3650,odd,23,"{'neg': 1.0, 'neu': 0.0, 'pos': 0.0, 'compound': -0.3182}",negative
3682,accidentally,23,"{'neg': 1.0, 'neu': 0.0, 'pos': 0.0, 'compound': -0.34}",negative
3698,imperfect,23,"{'neg': 1.0, 'neu': 0.0, 'pos': 0.0, 'compound': -0.3182}",negative
3708,warmonger,23,"{'neg': 1.0, 'neu': 0.0, 'pos': 0.0, 'compound': -0.5994}",negative
3709,molester,23,"{'neg': 1.0, 'neu': 0.0, 'pos': 0.0, 'compound': -0.5106}",negative
3712,peril,22,"{'neg': 1.0, 'neu': 0.0, 'pos': 0.0, 'compound': -0.4019}",negative
3720,terror,22,"{'neg': 1.0, 'neu': 0.0, 'pos': 0.0, 'compound': -0.5267}",negative
3730,slashed,22,"{'neg': 1.0, 'neu': 0.0, 'pos': 0.0, 'compound': -0.2263}",negative
3765,screaming,22,"{'neg': 1.0, 'neu': 0.0, 'pos': 0.0, 'compound': -0.3818}",negative
3779,bitter,22,"{'neg': 1.0, 'neu': 0.0, 'pos': 0.0, 'compound': -0.4215}",negative
3784,sinister,22,"{'neg': 1.0, 'neu': 0.0, 'pos': 0.0, 'compound': -0.5994}",negative
3836,firing,21,"{'neg': 1.0, 'neu': 0.0, 'pos': 0.0, 'compound': -0.34}",negative
3853,suspect,21,"{'neg': 1.0, 'neu': 0.0, 'pos': 0.0, 'compound': -0.296}",negative
3856,hopeless,21,"{'neg': 1.0, 'neu': 0.0, 'pos': 0.0, 'compound': -0.4588}",negative
3862,blah,21,"{'neg': 1.0, 'neu': 0.0, 'pos': 0.0, 'compound': -0.1027}",negative
3871,beating,21,"{'neg': 1.0, 'neu': 0.0, 'pos': 0.0, 'compound': -0.4588}",negative
3894,complain,20,"{'neg': 1.0, 'neu': 0.0, 'pos': 0.0, 'compound': -0.3612}",negative
3897,incompetent,20,"{'neg': 1.0, 'neu': 0.0, 'pos': 0.0, 'compound': -0.4767}",negative
3908,smog,20,"{'neg': 1.0, 'neu': 0.0, 'pos': 0.0, 'compound': -0.296}",negative
3912,slash,20,"{'neg': 1.0, 'neu': 0.0, 'pos': 0.0, 'compound': -0.2732}",negative
3940,anxious,20,"{'neg': 1.0, 'neu': 0.0, 'pos': 0.0, 'compound': -0.25}",negative
3947,badly,20,"{'neg': 1.0, 'neu': 0.0, 'pos': 0.0, 'compound': -0.4767}",negative
3949,disregard,20,"{'neg': 1.0, 'neu': 0.0, 'pos': 0.0, 'compound': -0.2732}",negative
3999,poisoning,19,"{'neg': 1.0, 'neu': 0.0, 'pos': 0.0, 'compound': -0.5859}",negative
4028,screw,19,"{'neg': 1.0, 'neu': 0.0, 'pos': 0.0, 'compound': -0.1027}",negative
4059,sceptic,19,"{'neg': 1.0, 'neu': 0.0, 'pos': 0.0, 'compound': -0.25}",negative
4067,tout,19,"{'neg': 1.0, 'neu': 0.0, 'pos': 0.0, 'compound': -0.128}",negative
4072,unaware,19,"{'neg': 1.0, 'neu': 0.0, 'pos': 0.0, 'compound': -0.2023}",negative
4074,ugly,19,"{'neg': 1.0, 'neu': 0.0, 'pos': 0.0, 'compound': -0.5106}",negative
4076,trapped,19,"{'neg': 1.0, 'neu': 0.0, 'pos': 0.0, 'compound': -0.5267}",negative
4078,starve,19,"{'neg': 1.0, 'neu': 0.0, 'pos': 0.0, 'compound': -0.4404}",negative
4090,poison,18,"{'neg': 1.0, 'neu': 0.0, 'pos': 0.0, 'compound': -0.5423}",negative
4113,illness,18,"{'neg': 1.0, 'neu': 0.0, 'pos': 0.0, 'compound': -0.4019}",negative
4115,degraded,18,"{'neg': 1.0, 'neu': 0.0, 'pos': 0.0, 'compound': -0.4215}",negative
4125,criticism,18,"{'neg': 1.0, 'neu': 0.0, 'pos': 0.0, 'compound': -0.4404}",negative
4138,disruptive,18,"{'neg': 1.0, 'neu': 0.0, 'pos': 0.0, 'compound': -0.3182}",negative
4146,dispute,18,"{'neg': 1.0, 'neu': 0.0, 'pos': 0.0, 'compound': -0.4019}",negative
4152,dirt,18,"{'neg': 1.0, 'neu': 0.0, 'pos': 0.0, 'compound': -0.34}",negative
4168,fiery,18,"{'neg': 1.0, 'neu': 0.0, 'pos': 0.0, 'compound': -0.34}",negative
4179,detention,18,"{'neg': 1.0, 'neu': 0.0, 'pos': 0.0, 'compound': -0.3612}",negative
4190,poisonous,18,"{'neg': 1.0, 'neu': 0.0, 'pos': 0.0, 'compound': -0.5719}",negative
4243,cruelty,17,"{'neg': 1.0, 'neu': 0.0, 'pos': 0.0, 'compound': -0.5994}",negative
4255,deception,17,"{'neg': 1.0, 'neu': 0.0, 'pos': 0.0, 'compound': -0.4404}",negative
4263,lowering,17,"{'neg': 1.0, 'neu': 0.0, 'pos': 0.0, 'compound': -0.25}",negative
4264,inability,17,"{'neg': 1.0, 'neu': 0.0, 'pos': 0.0, 'compound': -0.4019}",negative
4278,dumping,17,"{'neg': 1.0, 'neu': 0.0, 'pos': 0.0, 'compound': -0.3182}",negative
4290,frighten,17,"{'neg': 1.0, 'neu': 0.0, 'pos': 0.0, 'compound': -0.34}",negative
4330,inadequate,16,"{'neg': 1.0, 'neu': 0.0, 'pos': 0.0, 'compound': -0.4019}",negative
4339,slavery,16,"{'neg': 1.0, 'neu': 0.0, 'pos': 0.0, 'compound': -0.7003}",negative
4351,sin,16,"{'neg': 1.0, 'neu': 0.0, 'pos': 0.0, 'compound': -0.5574}",negative
4358,feared,16,"{'neg': 1.0, 'neu': 0.0, 'pos': 0.0, 'compound': -0.4939}",negative
4362,ashamed,16,"{'neg': 1.0, 'neu': 0.0, 'pos': 0.0, 'compound': -0.4767}",negative
4363,confuse,16,"{'neg': 1.0, 'neu': 0.0, 'pos': 0.0, 'compound': -0.2263}",negative
4365,foolish,16,"{'neg': 1.0, 'neu': 0.0, 'pos': 0.0, 'compound': -0.2732}",negative
4387,averted,16,"{'neg': 1.0, 'neu': 0.0, 'pos': 0.0, 'compound': -0.0772}",negative
4393,ferocity,16,"{'neg': 1.0, 'neu': 0.0, 'pos': 0.0, 'compound': -0.1779}",negative
4421,shamefully,16,"{'neg': 1.0, 'neu': 0.0, 'pos': 0.0, 'compound': -0.4404}",negative
4423,mock,16,"{'neg': 1.0, 'neu': 0.0, 'pos': 0.0, 'compound': -0.4215}",negative
4426,unstable,16,"{'neg': 1.0, 'neu': 0.0, 'pos': 0.0, 'compound': -0.3612}",negative
4433,damning,16,"{'neg': 1.0, 'neu': 0.0, 'pos': 0.0, 'compound': -0.34}",negative
4458,casualty,15,"{'neg': 1.0, 'neu': 0.0, 'pos': 0.0, 'compound': -0.5267}",negative
4460,misery,15,"{'neg': 1.0, 'neu': 0.0, 'pos': 0.0, 'compound': -0.5719}",negative
4470,mongering,15,"{'neg': 1.0, 'neu': 0.0, 'pos': 0.0, 'compound': -0.2023}",negative
4483,appalling,15,"{'neg': 1.0, 'neu': 0.0, 'pos': 0.0, 'compound': -0.3612}",negative
4491,struck,15,"{'neg': 1.0, 'neu': 0.0, 'pos': 0.0, 'compound': -0.25}",negative
4495,drunk,15,"{'neg': 1.0, 'neu': 0.0, 'pos': 0.0, 'compound': -0.34}",negative
4497,grossly,15,"{'neg': 1.0, 'neu': 0.0, 'pos': 0.0, 'compound': -0.2263}",negative
4500,distraction,15,"{'neg': 1.0, 'neu': 0.0, 'pos': 0.0, 'compound': -0.3818}",negative
4504,drown,15,"{'neg': 1.0, 'neu': 0.0, 'pos': 0.0, 'compound': -0.5719}",negative
4520,helplessness,15,"{'neg': 1.0, 'neu': 0.0, 'pos': 0.0, 'compound': -0.4767}",negative
4532,obsession,15,"{'neg': 1.0, 'neu': 0.0, 'pos': 0.0, 'compound': -0.34}",negative
4542,piss,15,"{'neg': 1.0, 'neu': 0.0, 'pos': 0.0, 'compound': -0.4019}",negative
4569,trap,15,"{'neg': 1.0, 'neu': 0.0, 'pos': 0.0, 'compound': -0.3182}",negative
4576,impose,15,"{'neg': 1.0, 'neu': 0.0, 'pos': 0.0, 'compound': -0.296}",negative
4580,moody,15,"{'neg': 1.0, 'neu': 0.0, 'pos': 0.0, 'compound': -0.3612}",negative
4601,unfair,14,"{'neg': 1.0, 'neu': 0.0, 'pos': 0.0, 'compound': -0.4767}",negative
4624,ferocious,14,"{'neg': 1.0, 'neu': 0.0, 'pos': 0.0, 'compound': -0.1027}",negative
4633,offended,14,"{'neg': 1.0, 'neu': 0.0, 'pos': 0.0, 'compound': -0.25}",negative
4674,wicked,14,"{'neg': 1.0, 'neu': 0.0, 'pos': 0.0, 'compound': -0.5267}",negative
4681,disturbed,14,"{'neg': 1.0, 'neu': 0.0, 'pos': 0.0, 'compound': -0.3818}",negative
4690,exploit,14,"{'neg': 1.0, 'neu': 0.0, 'pos': 0.0, 'compound': -0.1027}",negative
4696,damned,14,"{'neg': 1.0, 'neu': 0.0, 'pos': 0.0, 'compound': -0.3818}",negative
4697,thief,14,"{'neg': 1.0, 'neu': 0.0, 'pos': 0.0, 'compound': -0.5267}",negative
4708,rude,14,"{'neg': 1.0, 'neu': 0.0, 'pos': 0.0, 'compound': -0.4588}",negative
4710,exhausted,14,"{'neg': 1.0, 'neu': 0.0, 'pos': 0.0, 'compound': -0.3612}",negative
4722,harsh,14,"{'neg': 1.0, 'neu': 0.0, 'pos': 0.0, 'compound': -0.4404}",negative
4726,brutality,14,"{'neg': 1.0, 'neu': 0.0, 'pos': 0.0, 'compound': -0.6124}",negative
4731,dominate,14,"{'neg': 1.0, 'neu': 0.0, 'pos': 0.0, 'compound': -0.128}",negative
4734,hatred,14,"{'neg': 1.0, 'neu': 0.0, 'pos': 0.0, 'compound': -0.6369}",negative
4756,crude,14,"{'neg': 1.0, 'neu': 0.0, 'pos': 0.0, 'compound': -0.5719}",negative
4759,gag,14,"{'neg': 1.0, 'neu': 0.0, 'pos': 0.0, 'compound': -0.34}",negative
4768,ludicrous,13,"{'neg': 1.0, 'neu': 0.0, 'pos': 0.0, 'compound': -0.3612}",negative
4772,dishonest,13,"{'neg': 1.0, 'neu': 0.0, 'pos': 0.0, 'compound': -0.5719}",negative
4780,condemn,13,"{'neg': 1.0, 'neu': 0.0, 'pos': 0.0, 'compound': -0.3818}",negative
4792,pesky,13,"{'neg': 1.0, 'neu': 0.0, 'pos': 0.0, 'compound': -0.296}",negative
4793,dilemma,13,"{'neg': 1.0, 'neu': 0.0, 'pos': 0.0, 'compound': -0.1779}",negative
4808,ruined,13,"{'neg': 1.0, 'neu': 0.0, 'pos': 0.0, 'compound': -0.4767}",negative
4841,painful,13,"{'neg': 1.0, 'neu': 0.0, 'pos': 0.0, 'compound': -0.4404}",negative
4842,dread,13,"{'neg': 1.0, 'neu': 0.0, 'pos': 0.0, 'compound': -0.4588}",negative
4847,worrisome,13,"{'neg': 1.0, 'neu': 0.0, 'pos': 0.0, 'compound': -0.4019}",negative
4852,powerless,13,"{'neg': 1.0, 'neu': 0.0, 'pos': 0.0, 'compound': -0.4939}",negative
4858,villain,13,"{'neg': 1.0, 'neu': 0.0, 'pos': 0.0, 'compound': -0.5574}",negative
4865,loser,13,"{'neg': 1.0, 'neu': 0.0, 'pos': 0.0, 'compound': -0.5267}",negative
4868,insecure,13,"{'neg': 1.0, 'neu': 0.0, 'pos': 0.0, 'compound': -0.4215}",negative
4881,inadequately,13,"{'neg': 1.0, 'neu': 0.0, 'pos': 0.0, 'compound': -0.25}",negative
4886,weakening,13,"{'neg': 1.0, 'neu': 0.0, 'pos': 0.0, 'compound': -0.3182}",negative
4887,rant,13,"{'neg': 1.0, 'neu': 0.0, 'pos': 0.0, 'compound': -0.34}",negative
4888,gross,13,"{'neg': 1.0, 'neu': 0.0, 'pos': 0.0, 'compound': -0.4767}",negative
4889,prosecute,13,"{'neg': 1.0, 'neu': 0.0, 'pos': 0.0, 'compound': -0.4019}",negative
4891,suspected,13,"{'neg': 1.0, 'neu': 0.0, 'pos': 0.0, 'compound': -0.2263}",negative
4898,alas,13,"{'neg': 1.0, 'neu': 0.0, 'pos': 0.0, 'compound': -0.2732}",negative
4935,aggressively,13,"{'neg': 1.0, 'neu': 0.0, 'pos': 0.0, 'compound': -0.3182}",negative
4948,rejection,13,"{'neg': 1.0, 'neu': 0.0, 'pos': 0.0, 'compound': -0.5423}",negative
4964,disheartening,13,"{'neg': 1.0, 'neu': 0.0, 'pos': 0.0, 'compound': -0.4215}",negative
5004,wreck,12,"{'neg': 1.0, 'neu': 0.0, 'pos': 0.0, 'compound': -0.4404}",negative
5007,freak,12,"{'neg': 1.0, 'neu': 0.0, 'pos': 0.0, 'compound': -0.4404}",negative
5017,adversely,12,"{'neg': 1.0, 'neu': 0.0, 'pos': 0.0, 'compound': -0.2023}",negative
5021,selfish,12,"{'neg': 1.0, 'neu': 0.0, 'pos': 0.0, 'compound': -0.4767}",negative
5024,spite,12,"{'neg': 1.0, 'neu': 0.0, 'pos': 0.0, 'compound': -0.5267}",negative
5060,underestimate,12,"{'neg': 1.0, 'neu': 0.0, 'pos': 0.0, 'compound': -0.296}",negative
5071,sabotage,12,"{'neg': 1.0, 'neu': 0.0, 'pos': 0.0, 'compound': -0.5267}",negative
5112,resignation,12,"{'neg': 1.0, 'neu': 0.0, 'pos': 0.0, 'compound': -0.296}",negative
5122,desperation,12,"{'neg': 1.0, 'neu': 0.0, 'pos': 0.0, 'compound': -0.4588}",negative
5152,drag,11,"{'neg': 1.0, 'neu': 0.0, 'pos': 0.0, 'compound': -0.2263}",negative
5167,reluctant,11,"{'neg': 1.0, 'neu': 0.0, 'pos': 0.0, 'compound': -0.25}",negative
5177,conflicting,11,"{'neg': 1.0, 'neu': 0.0, 'pos': 0.0, 'compound': -0.4019}",negative
5195,fatalism,11,"{'neg': 1.0, 'neu': 0.0, 'pos': 0.0, 'compound': -0.1531}",negative
5199,collision,11,"{'neg': 1.0, 'neu': 0.0, 'pos': 0.0, 'compound': -0.3612}",negative
5209,risky,11,"{'neg': 1.0, 'neu': 0.0, 'pos': 0.0, 'compound': -0.2023}",negative
5215,neglect,11,"{'neg': 1.0, 'neu': 0.0, 'pos': 0.0, 'compound': -0.4588}",negative
5221,annoying,11,"{'neg': 1.0, 'neu': 0.0, 'pos': 0.0, 'compound': -0.4019}",negative
5253,shameless,11,"{'neg': 1.0, 'neu': 0.0, 'pos': 0.0, 'compound': -0.34}",negative
5260,vicious,11,"{'neg': 1.0, 'neu': 0.0, 'pos': 0.0, 'compound': -0.3612}",negative
5261,worthless,11,"{'neg': 1.0, 'neu': 0.0, 'pos': 0.0, 'compound': -0.4404}",negative
5281,dislike,11,"{'neg': 1.0, 'neu': 0.0, 'pos': 0.0, 'compound': -0.3818}",negative
5301,overwhelmingly,11,"{'neg': 1.0, 'neu': 0.0, 'pos': 0.0, 'compound': -0.128}",negative
5320,depressed,11,"{'neg': 1.0, 'neu': 0.0, 'pos': 0.0, 'compound': -0.5106}",negative
5326,cruel,11,"{'neg': 1.0, 'neu': 0.0, 'pos': 0.0, 'compound': -0.5859}",negative
5331,perverse,11,"{'neg': 1.0, 'neu': 0.0, 'pos': 0.0, 'compound': -0.4215}",negative
5352,stalling,11,"{'neg': 1.0, 'neu': 0.0, 'pos': 0.0, 'compound': -0.2023}",negative
5357,rotten,10,"{'neg': 1.0, 'neu': 0.0, 'pos': 0.0, 'compound': -0.5106}",negative
5366,feud,10,"{'neg': 1.0, 'neu': 0.0, 'pos': 0.0, 'compound': -0.34}",negative
5371,unfortunate,10,"{'neg': 1.0, 'neu': 0.0, 'pos': 0.0, 'compound': -0.4588}",negative
5372,ineffective,10,"{'neg': 1.0, 'neu': 0.0, 'pos': 0.0, 'compound': -0.128}",negative
5379,futile,10,"{'neg': 1.0, 'neu': 0.0, 'pos': 0.0, 'compound': -0.4404}",negative
5404,devil,10,"{'neg': 1.0, 'neu': 0.0, 'pos': 0.0, 'compound': -0.6597}",negative
5432,raping,10,"{'neg': 1.0, 'neu': 0.0, 'pos': 0.0, 'compound': -0.7003}",negative
5434,provoking,10,"{'neg': 1.0, 'neu': 0.0, 'pos': 0.0, 'compound': -0.2023}",negative
5436,witch,10,"{'neg': 1.0, 'neu': 0.0, 'pos': 0.0, 'compound': -0.3612}",negative
5453,lunatic,10,"{'neg': 1.0, 'neu': 0.0, 'pos': 0.0, 'compound': -0.4939}",negative
5472,ignoramus,10,"{'neg': 1.0, 'neu': 0.0, 'pos': 0.0, 'compound': -0.4404}",negative
5480,weakness,10,"{'neg': 1.0, 'neu': 0.0, 'pos': 0.0, 'compound': -0.4215}",negative
5493,axe,10,"{'neg': 1.0, 'neu': 0.0, 'pos': 0.0, 'compound': -0.1027}",negative
5495,nasty,10,"{'neg': 1.0, 'neu': 0.0, 'pos': 0.0, 'compound': -0.5574}",negative
5501,cried,10,"{'neg': 1.0, 'neu': 0.0, 'pos': 0.0, 'compound': -0.3818}",negative
5517,petty,10,"{'neg': 1.0, 'neu': 0.0, 'pos': 0.0, 'compound': -0.2023}",negative
5521,exaggerated,10,"{'neg': 1.0, 'neu': 0.0, 'pos': 0.0, 'compound': -0.1027}",negative
5546,contempt,10,"{'neg': 1.0, 'neu': 0.0, 'pos': 0.0, 'compound': -0.5859}",negative
5564,vulture,10,"{'neg': 1.0, 'neu': 0.0, 'pos': 0.0, 'compound': -0.4588}",negative
5566,murdering,10,"{'neg': 1.0, 'neu': 0.0, 'pos': 0.0, 'compound': -0.6486}",negative
5569,meaningless,10,"{'neg': 1.0, 'neu': 0.0, 'pos': 0.0, 'compound': -0.4404}",negative
5580,censor,10,"{'neg': 1.0, 'neu': 0.0, 'pos': 0.0, 'compound': -0.4588}",negative
5584,outcry,10,"{'neg': 1.0, 'neu': 0.0, 'pos': 0.0, 'compound': -0.5106}",negative
5587,unequal,9,"{'neg': 1.0, 'neu': 0.0, 'pos': 0.0, 'compound': -0.34}",negative
5593,horrendous,9,"{'neg': 1.0, 'neu': 0.0, 'pos': 0.0, 'compound': -0.5859}",negative
5597,ominous,9,"{'neg': 1.0, 'neu': 0.0, 'pos': 0.0, 'compound': -0.34}",negative
5633,unwanted,9,"{'neg': 1.0, 'neu': 0.0, 'pos': 0.0, 'compound': -0.2263}",negative
5637,incompetence,9,"{'neg': 1.0, 'neu': 0.0, 'pos': 0.0, 'compound': -0.5106}",negative
5638,arrest,9,"{'neg': 1.0, 'neu': 0.0, 'pos': 0.0, 'compound': -0.34}",negative
5648,unsupported,9,"{'neg': 1.0, 'neu': 0.0, 'pos': 0.0, 'compound': -0.4019}",negative
5679,brutally,9,"{'neg': 1.0, 'neu': 0.0, 'pos': 0.0, 'compound': -0.6124}",negative
5693,hysterical,9,"{'neg': 1.0, 'neu': 0.0, 'pos': 0.0, 'compound': -0.0258}",negative
5706,stubborn,9,"{'neg': 1.0, 'neu': 0.0, 'pos': 0.0, 'compound': -0.4019}",negative
5720,eerie,9,"{'neg': 1.0, 'neu': 0.0, 'pos': 0.0, 'compound': -0.3612}",negative
5723,bankrupt,9,"{'neg': 1.0, 'neu': 0.0, 'pos': 0.0, 'compound': -0.5574}",negative
5724,treason,9,"{'neg': 1.0, 'neu': 0.0, 'pos': 0.0, 'compound': -0.4404}",negative
5732,mistaken,9,"{'neg': 1.0, 'neu': 0.0, 'pos': 0.0, 'compound': -0.3612}",negative
5745,paradox,9,"{'neg': 1.0, 'neu': 0.0, 'pos': 0.0, 'compound': -0.1027}",negative
5775,miserable,9,"{'neg': 1.0, 'neu': 0.0, 'pos': 0.0, 'compound': -0.4939}",negative
5776,bully,9,"{'neg': 1.0, 'neu': 0.0, 'pos': 0.0, 'compound': -0.4939}",negative
5783,disgusted,9,"{'neg': 1.0, 'neu': 0.0, 'pos': 0.0, 'compound': -0.5267}",negative
5814,shook,9,"{'neg': 1.0, 'neu': 0.0, 'pos': 0.0, 'compound': -0.1027}",negative
5833,accident,8,"{'neg': 1.0, 'neu': 0.0, 'pos': 0.0, 'compound': -0.4767}",negative
5842,reluctance,8,"{'neg': 1.0, 'neu': 0.0, 'pos': 0.0, 'compound': -0.34}",negative
5858,swindle,8,"{'neg': 1.0, 'neu': 0.0, 'pos': 0.0, 'compound': -0.5267}",negative
5860,strangely,8,"{'neg': 1.0, 'neu': 0.0, 'pos': 0.0, 'compound': -0.296}",negative
5863,disorder,8,"{'neg': 1.0, 'neu': 0.0, 'pos': 0.0, 'compound': -0.4019}",negative
5864,exhaustive,8,"{'neg': 1.0, 'neu': 0.0, 'pos': 0.0, 'compound': -0.128}",negative
5869,boycott,8,"{'neg': 1.0, 'neu': 0.0, 'pos': 0.0, 'compound': -0.3182}",negative
5891,hostile,8,"{'neg': 1.0, 'neu': 0.0, 'pos': 0.0, 'compound': -0.3818}",negative
5894,overwhelm,8,"{'neg': 1.0, 'neu': 0.0, 'pos': 0.0, 'compound': -0.1779}",negative
5904,careless,8,"{'neg': 1.0, 'neu': 0.0, 'pos': 0.0, 'compound': -0.3612}",negative
5928,insult,8,"{'neg': 1.0, 'neu': 0.0, 'pos': 0.0, 'compound': -0.5106}",negative
5935,gloomy,8,"{'neg': 1.0, 'neu': 0.0, 'pos': 0.0, 'compound': -0.1531}",negative
5944,deceit,8,"{'neg': 1.0, 'neu': 0.0, 'pos': 0.0, 'compound': -0.4588}",negative
5948,sickening,8,"{'neg': 1.0, 'neu': 0.0, 'pos': 0.0, 'compound': -0.5267}",negative
5956,strain,8,"{'neg': 1.0, 'neu': 0.0, 'pos': 0.0, 'compound': -0.0516}",negative
5963,woefully,8,"{'neg': 1.0, 'neu': 0.0, 'pos': 0.0, 'compound': -0.4019}",negative
5964,incapable,8,"{'neg': 1.0, 'neu': 0.0, 'pos': 0.0, 'compound': -0.3818}",negative
5996,lag,8,"{'neg': 1.0, 'neu': 0.0, 'pos': 0.0, 'compound': -0.34}",negative
5997,arrogant,8,"{'neg': 1.0, 'neu': 0.0, 'pos': 0.0, 'compound': -0.4939}",negative
6012,riot,8,"{'neg': 1.0, 'neu': 0.0, 'pos': 0.0, 'compound': -0.5574}",negative
6014,condemned,8,"{'neg': 1.0, 'neu': 0.0, 'pos': 0.0, 'compound': -0.4404}",negative
6028,complaint,8,"{'neg': 1.0, 'neu': 0.0, 'pos': 0.0, 'compound': -0.296}",negative
6043,injured,8,"{'neg': 1.0, 'neu': 0.0, 'pos': 0.0, 'compound': -0.4019}",negative
6052,shake,8,"{'neg': 1.0, 'neu': 0.0, 'pos': 0.0, 'compound': -0.1779}",negative
6057,critic,8,"{'neg': 1.0, 'neu': 0.0, 'pos': 0.0, 'compound': -0.2732}",negative
6068,torn,8,"{'neg': 1.0, 'neu': 0.0, 'pos': 0.0, 'compound': -0.25}",negative
6085,helpless,8,"{'neg': 1.0, 'neu': 0.0, 'pos': 0.0, 'compound': -0.4588}",negative
6086,accuse,8,"{'neg': 1.0, 'neu': 0.0, 'pos': 0.0, 'compound': -0.2023}",negative
6095,terribly,8,"{'neg': 1.0, 'neu': 0.0, 'pos': 0.0, 'compound': -0.5574}",negative
6114,obstinate,8,"{'neg': 1.0, 'neu': 0.0, 'pos': 0.0, 'compound': -0.296}",negative
6115,stinking,8,"{'neg': 1.0, 'neu': 0.0, 'pos': 0.0, 'compound': -0.5267}",negative
6123,abuser,8,"{'neg': 1.0, 'neu': 0.0, 'pos': 0.0, 'compound': -0.5574}",negative
6143,exclude,7,"{'neg': 1.0, 'neu': 0.0, 'pos': 0.0, 'compound': -0.2263}",negative
6145,irrational,7,"{'neg': 1.0, 'neu': 0.0, 'pos': 0.0, 'compound': -0.34}",negative
6153,apathy,7,"{'neg': 1.0, 'neu': 0.0, 'pos': 0.0, 'compound': -0.296}",negative
6168,uncontrolled,7,"{'neg': 1.0, 'neu': 0.0, 'pos': 0.0, 'compound': -0.25}",negative
6178,questionable,7,"{'neg': 1.0, 'neu': 0.0, 'pos': 0.0, 'compound': -0.296}",negative
6188,fearful,7,"{'neg': 1.0, 'neu': 0.0, 'pos': 0.0, 'compound': -0.4939}",negative
6195,shy,7,"{'neg': 1.0, 'neu': 0.0, 'pos': 0.0, 'compound': -0.25}",negative
6213,foe,7,"{'neg': 1.0, 'neu': 0.0, 'pos': 0.0, 'compound': -0.4404}",negative
6220,pity,7,"{'neg': 1.0, 'neu': 0.0, 'pos': 0.0, 'compound': -0.296}",negative
6223,confusion,7,"{'neg': 1.0, 'neu': 0.0, 'pos': 0.0, 'compound': -0.296}",negative
6242,fascist,7,"{'neg': 1.0, 'neu': 0.0, 'pos': 0.0, 'compound': -0.5574}",negative
6246,chilling,7,"{'neg': 1.0, 'neu': 0.0, 'pos': 0.0, 'compound': -0.0258}",negative
6252,turmoil,7,"{'neg': 1.0, 'neu': 0.0, 'pos': 0.0, 'compound': -0.3612}",negative
6264,forbidden,7,"{'neg': 1.0, 'neu': 0.0, 'pos': 0.0, 'compound': -0.4215}",negative
6293,problematic,7,"{'neg': 1.0, 'neu': 0.0, 'pos': 0.0, 'compound': -0.4404}",negative
6303,screwing,7,"{'neg': 1.0, 'neu': 0.0, 'pos': 0.0, 'compound': -0.2263}",negative
6360,disrespect,7,"{'neg': 1.0, 'neu': 0.0, 'pos': 0.0, 'compound': -0.4215}",negative
6373,mourn,7,"{'neg': 1.0, 'neu': 0.0, 'pos': 0.0, 'compound': -0.4215}",negative
6377,arrogance,7,"{'neg': 1.0, 'neu': 0.0, 'pos': 0.0, 'compound': -0.5267}",negative
6384,manipulation,7,"{'neg': 1.0, 'neu': 0.0, 'pos': 0.0, 'compound': -0.296}",negative
6389,recession,7,"{'neg': 1.0, 'neu': 0.0, 'pos': 0.0, 'compound': -0.4215}",negative
6390,choking,7,"{'neg': 1.0, 'neu': 0.0, 'pos': 0.0, 'compound': -0.4588}",negative
6393,axed,7,"{'neg': 1.0, 'neu': 0.0, 'pos': 0.0, 'compound': -0.3182}",negative
6396,obsolete,7,"{'neg': 1.0, 'neu': 0.0, 'pos': 0.0, 'compound': -0.296}",negative
6422,uncomfortable,7,"{'neg': 1.0, 'neu': 0.0, 'pos': 0.0, 'compound': -0.3818}",negative
6427,deceive,7,"{'neg': 1.0, 'neu': 0.0, 'pos': 0.0, 'compound': -0.4019}",negative
6443,exaggerate,7,"{'neg': 1.0, 'neu': 0.0, 'pos': 0.0, 'compound': -0.1531}",negative
6444,chaotic,7,"{'neg': 1.0, 'neu': 0.0, 'pos': 0.0, 'compound': -0.4939}",negative
6448,dull,7,"{'neg': 1.0, 'neu': 0.0, 'pos': 0.0, 'compound': -0.4019}",negative
6452,ticked,7,"{'neg': 1.0, 'neu': 0.0, 'pos': 0.0, 'compound': -0.4215}",negative
6478,doubtful,7,"{'neg': 1.0, 'neu': 0.0, 'pos': 0.0, 'compound': -0.34}",negative
6512,distorted,6,"{'neg': 1.0, 'neu': 0.0, 'pos': 0.0, 'compound': -0.4019}",negative
6516,forbid,6,"{'neg': 1.0, 'neu': 0.0, 'pos': 0.0, 'compound': -0.3182}",negative
6533,fu,6,"{'neg': 1.0, 'neu': 0.0, 'pos': 0.0, 'compound': -0.6908}",negative
6559,restricted,6,"{'neg': 1.0, 'neu': 0.0, 'pos': 0.0, 'compound': -0.3818}",negative
6576,tension,6,"{'neg': 1.0, 'neu': 0.0, 'pos': 0.0, 'compound': -0.3182}",negative
6586,jealous,6,"{'neg': 1.0, 'neu': 0.0, 'pos': 0.0, 'compound': -0.4588}",negative
6598,misunderstand,6,"{'neg': 1.0, 'neu': 0.0, 'pos': 0.0, 'compound': -0.3612}",negative
6614,distrust,6,"{'neg': 1.0, 'neu': 0.0, 'pos': 0.0, 'compound': -0.4215}",negative
6620,immorality,6,"{'neg': 1.0, 'neu': 0.0, 'pos': 0.0, 'compound': -0.1531}",negative
6646,frustration,6,"{'neg': 1.0, 'neu': 0.0, 'pos': 0.0, 'compound': -0.4767}",negative
6649,disgust,6,"{'neg': 1.0, 'neu': 0.0, 'pos': 0.0, 'compound': -0.5994}",negative
6656,restrict,6,"{'neg': 1.0, 'neu': 0.0, 'pos': 0.0, 'compound': -0.3818}",negative
6659,dazed,6,"{'neg': 1.0, 'neu': 0.0, 'pos': 0.0, 'compound': -0.1779}",negative
6666,rigorously,6,"{'neg': 1.0, 'neu': 0.0, 'pos': 0.0, 'compound': -0.1027}",negative
6670,unpleasant,6,"{'neg': 1.0, 'neu': 0.0, 'pos': 0.0, 'compound': -0.4767}",negative
6681,deafening,6,"{'neg': 1.0, 'neu': 0.0, 'pos': 0.0, 'compound': -0.296}",negative
6683,lame,6,"{'neg': 1.0, 'neu': 0.0, 'pos': 0.0, 'compound': -0.4215}",negative
6689,detached,6,"{'neg': 1.0, 'neu': 0.0, 'pos': 0.0, 'compound': -0.128}",negative
6698,unclear,6,"{'neg': 1.0, 'neu': 0.0, 'pos': 0.0, 'compound': -0.25}",negative
6705,starved,6,"{'neg': 1.0, 'neu': 0.0, 'pos': 0.0, 'compound': -0.5574}",negative
6709,pessimistic,6,"{'neg': 1.0, 'neu': 0.0, 'pos': 0.0, 'compound': -0.3612}",negative
6710,exhaust,6,"{'neg': 1.0, 'neu': 0.0, 'pos': 0.0, 'compound': -0.296}",negative
6713,decay,6,"{'neg': 1.0, 'neu': 0.0, 'pos': 0.0, 'compound': -0.4019}",negative
6756,tragically,6,"{'neg': 1.0, 'neu': 0.0, 'pos': 0.0, 'compound': -0.5719}",negative
6759,fury,6,"{'neg': 1.0, 'neu': 0.0, 'pos': 0.0, 'compound': -0.5719}",negative
6764,misunderstood,6,"{'neg': 1.0, 'neu': 0.0, 'pos': 0.0, 'compound': -0.34}",negative
6773,scorn,6,"{'neg': 1.0, 'neu': 0.0, 'pos': 0.0, 'compound': -0.4019}",negative
6782,inflamed,6,"{'neg': 1.0, 'neu': 0.0, 'pos': 0.0, 'compound': -0.34}",negative
6797,devastate,6,"{'neg': 1.0, 'neu': 0.0, 'pos': 0.0, 'compound': -0.6249}",negative
6800,sarcastic,6,"{'neg': 1.0, 'neu': 0.0, 'pos': 0.0, 'compound': -0.25}",negative
6808,complacent,6,"{'neg': 1.0, 'neu': 0.0, 'pos': 0.0, 'compound': -0.0772}",negative
6812,hostility,6,"{'neg': 1.0, 'neu': 0.0, 'pos': 0.0, 'compound': -0.5423}",negative
6814,illiteracy,6,"{'neg': 1.0, 'neu': 0.0, 'pos': 0.0, 'compound': -0.4404}",negative
6821,irritation,6,"{'neg': 1.0, 'neu': 0.0, 'pos': 0.0, 'compound': -0.5106}",negative
6822,battleground,6,"{'neg': 1.0, 'neu': 0.0, 'pos': 0.0, 'compound': -0.4019}",negative
6830,molestation,6,"{'neg': 1.0, 'neu': 0.0, 'pos': 0.0, 'compound': -0.4404}",negative
6865,loom,6,"{'neg': 1.0, 'neu': 0.0, 'pos': 0.0, 'compound': -0.2263}",negative
6868,vague,6,"{'neg': 1.0, 'neu': 0.0, 'pos': 0.0, 'compound': -0.1027}",negative
6870,imbecile,6,"{'neg': 1.0, 'neu': 0.0, 'pos': 0.0, 'compound': -0.4939}",negative
6875,fraudulent,6,"{'neg': 1.0, 'neu': 0.0, 'pos': 0.0, 'compound': -0.4939}",negative
6881,disagreed,6,"{'neg': 1.0, 'neu': 0.0, 'pos': 0.0, 'compound': -0.3182}",negative
6882,jeopardy,6,"{'neg': 1.0, 'neu': 0.0, 'pos': 0.0, 'compound': -0.4767}",negative
6886,unethical,6,"{'neg': 1.0, 'neu': 0.0, 'pos': 0.0, 'compound': -0.5106}",negative
6888,depressingly,6,"{'neg': 1.0, 'neu': 0.0, 'pos': 0.0, 'compound': -0.5106}",negative
6903,suicidal,6,"{'neg': 1.0, 'neu': 0.0, 'pos': 0.0, 'compound': -0.6705}",negative
6907,unbiased,6,"{'neg': 1.0, 'neu': 0.0, 'pos': 0.0, 'compound': -0.0258}",negative
6928,dismal,6,"{'neg': 1.0, 'neu': 0.0, 'pos': 0.0, 'compound': -0.6124}",negative
6935,suspended,6,"{'neg': 1.0, 'neu': 0.0, 'pos': 0.0, 'compound': -0.4767}",negative
6941,aghast,6,"{'neg': 1.0, 'neu': 0.0, 'pos': 0.0, 'compound': -0.4404}",negative
6957,annoy,6,"{'neg': 1.0, 'neu': 0.0, 'pos': 0.0, 'compound': -0.4404}",negative
6967,violation,6,"{'neg': 1.0, 'neu': 0.0, 'pos': 0.0, 'compound': -0.4939}",negative
6978,downside,5,"{'neg': 1.0, 'neu': 0.0, 'pos': 0.0, 'compound': -0.25}",negative
7036,weep,5,"{'neg': 1.0, 'neu': 0.0, 'pos': 0.0, 'compound': -0.5719}",negative
7037,gullible,5,"{'neg': 1.0, 'neu': 0.0, 'pos': 0.0, 'compound': -0.3612}",negative
7049,childish,5,"{'neg': 1.0, 'neu': 0.0, 'pos': 0.0, 'compound': -0.296}",negative
7052,regret,5,"{'neg': 1.0, 'neu': 0.0, 'pos': 0.0, 'compound': -0.4215}",negative
7058,terrify,5,"{'neg': 1.0, 'neu': 0.0, 'pos': 0.0, 'compound': -0.5106}",negative
7078,revenge,5,"{'neg': 1.0, 'neu': 0.0, 'pos': 0.0, 'compound': -0.5267}",negative
7080,unsure,5,"{'neg': 1.0, 'neu': 0.0, 'pos': 0.0, 'compound': -0.25}",negative
7099,discouraging,5,"{'neg': 1.0, 'neu': 0.0, 'pos': 0.0, 'compound': -0.4404}",negative
7132,flu,5,"{'neg': 1.0, 'neu': 0.0, 'pos': 0.0, 'compound': -0.3818}",negative
7142,coward,5,"{'neg': 1.0, 'neu': 0.0, 'pos': 0.0, 'compound': -0.4588}",negative
7156,denounce,5,"{'neg': 1.0, 'neu': 0.0, 'pos': 0.0, 'compound': -0.34}",negative
7162,darkness,5,"{'neg': 1.0, 'neu': 0.0, 'pos': 0.0, 'compound': -0.25}",negative
7166,awkward,5,"{'neg': 1.0, 'neu': 0.0, 'pos': 0.0, 'compound': -0.1531}",negative
7186,lonely,5,"{'neg': 1.0, 'neu': 0.0, 'pos': 0.0, 'compound': -0.3612}",negative
7198,frightened,5,"{'neg': 1.0, 'neu': 0.0, 'pos': 0.0, 'compound': -0.4404}",negative
7228,hacked,5,"{'neg': 1.0, 'neu': 0.0, 'pos': 0.0, 'compound': -0.4019}",negative
7244,beaten,5,"{'neg': 1.0, 'neu': 0.0, 'pos': 0.0, 'compound': -0.4215}",negative
7294,disagreement,5,"{'neg': 1.0, 'neu': 0.0, 'pos': 0.0, 'compound': -0.3612}",negative
7296,stressful,5,"{'neg': 1.0, 'neu': 0.0, 'pos': 0.0, 'compound': -0.5106}",negative
7306,horrid,5,"{'neg': 1.0, 'neu': 0.0, 'pos': 0.0, 'compound': -0.5423}",negative
7308,dubious,5,"{'neg': 1.0, 'neu': 0.0, 'pos': 0.0, 'compound': -0.3612}",negative
7334,haunt,5,"{'neg': 1.0, 'neu': 0.0, 'pos': 0.0, 'compound': -0.4019}",negative
7351,suspicious,5,"{'neg': 1.0, 'neu': 0.0, 'pos': 0.0, 'compound': -0.3612}",negative
7370,disappointment,5,"{'neg': 1.0, 'neu': 0.0, 'pos': 0.0, 'compound': -0.5106}",negative
7384,lagging,5,"{'neg': 1.0, 'neu': 0.0, 'pos': 0.0, 'compound': -0.2732}",negative
7395,smear,5,"{'neg': 1.0, 'neu': 0.0, 'pos': 0.0, 'compound': -0.3612}",negative
7407,defeatism,5,"{'neg': 1.0, 'neu': 0.0, 'pos': 0.0, 'compound': -0.3182}",negative
7408,warfare,5,"{'neg': 1.0, 'neu': 0.0, 'pos': 0.0, 'compound': -0.296}",negative
7422,insulting,5,"{'neg': 1.0, 'neu': 0.0, 'pos': 0.0, 'compound': -0.4939}",negative
7423,ghost,5,"{'neg': 1.0, 'neu': 0.0, 'pos': 0.0, 'compound': -0.3182}",negative
7426,deceiving,5,"{'neg': 1.0, 'neu': 0.0, 'pos': 0.0, 'compound': -0.34}",negative
7437,jerk,5,"{'neg': 1.0, 'neu': 0.0, 'pos': 0.0, 'compound': -0.34}",negative
7439,inconvenience,5,"{'neg': 1.0, 'neu': 0.0, 'pos': 0.0, 'compound': -0.3612}",negative
7440,vanity,5,"{'neg': 1.0, 'neu': 0.0, 'pos': 0.0, 'compound': -0.2263}",negative
7469,distort,5,"{'neg': 1.0, 'neu': 0.0, 'pos': 0.0, 'compound': -0.3182}",negative
7481,rebel,5,"{'neg': 1.0, 'neu': 0.0, 'pos': 0.0, 'compound': -0.1531}",negative
7484,misunderstanding,5,"{'neg': 1.0, 'neu': 0.0, 'pos': 0.0, 'compound': -0.4215}",negative
7492,destroyer,5,"{'neg': 1.0, 'neu': 0.0, 'pos': 0.0, 'compound': -0.4588}",negative
7495,appall,5,"{'neg': 1.0, 'neu': 0.0, 'pos': 0.0, 'compound': -0.5267}",negative
7501,shamed,5,"{'neg': 1.0, 'neu': 0.0, 'pos': 0.0, 'compound': -0.5574}",negative
7521,suspend,5,"{'neg': 1.0, 'neu': 0.0, 'pos': 0.0, 'compound': -0.3182}",negative
7522,pita,5,"{'neg': 1.0, 'neu': 0.0, 'pos': 0.0, 'compound': -0.5267}",negative
7565,overload,4,"{'neg': 1.0, 'neu': 0.0, 'pos': 0.0, 'compound': -0.3612}",negative
7567,unconcerned,4,"{'neg': 1.0, 'neu': 0.0, 'pos': 0.0, 'compound': -0.2263}",negative
7568,exasperated,4,"{'neg': 1.0, 'neu': 0.0, 'pos': 0.0, 'compound': -0.4215}",negative
7584,avoidance,4,"{'neg': 1.0, 'neu': 0.0, 'pos': 0.0, 'compound': -0.4019}",negative
7601,mindless,4,"{'neg': 1.0, 'neu': 0.0, 'pos': 0.0, 'compound': -0.4404}",negative
7604,uncomfortably,4,"{'neg': 1.0, 'neu': 0.0, 'pos': 0.0, 'compound': -0.4019}",negative
7687,trauma,4,"{'neg': 1.0, 'neu': 0.0, 'pos': 0.0, 'compound': -0.4215}",negative
7705,fooling,4,"{'neg': 1.0, 'neu': 0.0, 'pos': 0.0, 'compound': -0.4019}",negative
7730,unhealthy,4,"{'neg': 1.0, 'neu': 0.0, 'pos': 0.0, 'compound': -0.5267}",negative
7757,jackass,4,"{'neg': 1.0, 'neu': 0.0, 'pos': 0.0, 'compound': -0.4215}",negative
7778,stolen,4,"{'neg': 1.0, 'neu': 0.0, 'pos': 0.0, 'compound': -0.4939}",negative
7790,unimportant,4,"{'neg': 1.0, 'neu': 0.0, 'pos': 0.0, 'compound': -0.3182}",negative
7809,contentious,4,"{'neg': 1.0, 'neu': 0.0, 'pos': 0.0, 'compound': -0.296}",negative
7847,stall,4,"{'neg': 1.0, 'neu': 0.0, 'pos': 0.0, 'compound': -0.2023}",negative
7868,messy,4,"{'neg': 1.0, 'neu': 0.0, 'pos': 0.0, 'compound': -0.3612}",negative
7907,cock,4,"{'neg': 1.0, 'neu': 0.0, 'pos': 0.0, 'compound': -0.1531}",negative
7911,stricken,4,"{'neg': 1.0, 'neu': 0.0, 'pos': 0.0, 'compound': -0.5106}",negative
7947,sluggish,4,"{'neg': 1.0, 'neu': 0.0, 'pos': 0.0, 'compound': -0.4019}",negative
7950,suspicion,4,"{'neg': 1.0, 'neu': 0.0, 'pos': 0.0, 'compound': -0.3818}",negative
7955,temper,4,"{'neg': 1.0, 'neu': 0.0, 'pos': 0.0, 'compound': -0.4215}",negative
7963,abandonment,4,"{'neg': 1.0, 'neu': 0.0, 'pos': 0.0, 'compound': -0.5267}",negative
7979,tortured,4,"{'neg': 1.0, 'neu': 0.0, 'pos': 0.0, 'compound': -0.5574}",negative
7993,tricky,4,"{'neg': 1.0, 'neu': 0.0, 'pos': 0.0, 'compound': -0.1531}",negative
7996,bastard,4,"{'neg': 1.0, 'neu': 0.0, 'pos': 0.0, 'compound': -0.5423}",negative
8004,slam,4,"{'neg': 1.0, 'neu': 0.0, 'pos': 0.0, 'compound': -0.3818}",negative
8009,vile,4,"{'neg': 1.0, 'neu': 0.0, 'pos': 0.0, 'compound': -0.6249}",negative
8012,obnoxious,4,"{'neg': 1.0, 'neu': 0.0, 'pos': 0.0, 'compound': -0.4588}",negative
8018,maniac,4,"{'neg': 1.0, 'neu': 0.0, 'pos': 0.0, 'compound': -0.4767}",negative
8029,prisoner,4,"{'neg': 1.0, 'neu': 0.0, 'pos': 0.0, 'compound': -0.5423}",negative
8035,misread,4,"{'neg': 1.0, 'neu': 0.0, 'pos': 0.0, 'compound': -0.2732}",negative
8036,uncontrollable,4,"{'neg': 1.0, 'neu': 0.0, 'pos': 0.0, 'compound': -0.3612}",negative
8084,resentment,4,"{'neg': 1.0, 'neu': 0.0, 'pos': 0.0, 'compound': -0.4404}",negative
8091,heartbreak,4,"{'neg': 1.0, 'neu': 0.0, 'pos': 0.0, 'compound': -0.5719}",negative
8119,shockingly,4,"{'neg': 1.0, 'neu': 0.0, 'pos': 0.0, 'compound': -0.1779}",negative
8161,painfully,4,"{'neg': 1.0, 'neu': 0.0, 'pos': 0.0, 'compound': -0.5267}",negative
8166,intimidation,4,"{'neg': 1.0, 'neu': 0.0, 'pos': 0.0, 'compound': -0.4215}",negative
8179,intimidate,4,"{'neg': 1.0, 'neu': 0.0, 'pos': 0.0, 'compound': -0.2023}",negative
8192,rig,4,"{'neg': 1.0, 'neu': 0.0, 'pos': 0.0, 'compound': -0.128}",negative
8199,pathetically,4,"{'neg': 1.0, 'neu': 0.0, 'pos': 0.0, 'compound': -0.4215}",negative
8215,oppressed,4,"{'neg': 1.0, 'neu': 0.0, 'pos': 0.0, 'compound': -0.4767}",negative
8233,heroin,4,"{'neg': 1.0, 'neu': 0.0, 'pos': 0.0, 'compound': -0.4939}",negative
8252,insensitive,4,"{'neg': 1.0, 'neu': 0.0, 'pos': 0.0, 'compound': -0.2263}",negative
8291,crazed,3,"{'neg': 1.0, 'neu': 0.0, 'pos': 0.0, 'compound': -0.128}",negative
8292,douche,3,"{'neg': 1.0, 'neu': 0.0, 'pos': 0.0, 'compound': -0.3612}",negative
8335,weirdly,3,"{'neg': 1.0, 'neu': 0.0, 'pos': 0.0, 'compound': -0.296}",negative
8355,cowardly,3,"{'neg': 1.0, 'neu': 0.0, 'pos': 0.0, 'compound': -0.3818}",negative
8362,infected,3,"{'neg': 1.0, 'neu': 0.0, 'pos': 0.0, 'compound': -0.4939}",negative
8370,punishment,3,"{'neg': 1.0, 'neu': 0.0, 'pos': 0.0, 'compound': -0.4939}",negative
8371,sneaky,3,"{'neg': 1.0, 'neu': 0.0, 'pos': 0.0, 'compound': -0.2263}",negative
8378,hesitant,3,"{'neg': 1.0, 'neu': 0.0, 'pos': 0.0, 'compound': -0.25}",negative
8383,unfulfilled,3,"{'neg': 1.0, 'neu': 0.0, 'pos': 0.0, 'compound': -0.4215}",negative
8392,bribe,3,"{'neg': 1.0, 'neu': 0.0, 'pos': 0.0, 'compound': -0.2023}",negative
8409,numb,3,"{'neg': 1.0, 'neu': 0.0, 'pos': 0.0, 'compound': -0.34}",negative
8421,isolate,3,"{'neg': 1.0, 'neu': 0.0, 'pos': 0.0, 'compound': -0.2023}",negative
8426,collide,3,"{'neg': 1.0, 'neu': 0.0, 'pos': 0.0, 'compound': -0.0772}",negative
8429,doubting,3,"{'neg': 1.0, 'neu': 0.0, 'pos': 0.0, 'compound': -0.34}",negative
8433,tense,3,"{'neg': 1.0, 'neu': 0.0, 'pos': 0.0, 'compound': -0.34}",negative
8438,contradiction,3,"{'neg': 1.0, 'neu': 0.0, 'pos': 0.0, 'compound': -0.25}",negative
8447,shaking,3,"{'neg': 1.0, 'neu': 0.0, 'pos': 0.0, 'compound': -0.1779}",negative
8452,discomfort,3,"{'neg': 1.0, 'neu': 0.0, 'pos': 0.0, 'compound': -0.4215}",negative
8466,stink,3,"{'neg': 1.0, 'neu': 0.0, 'pos': 0.0, 'compound': -0.4019}",negative
8471,burdensome,3,"{'neg': 1.0, 'neu': 0.0, 'pos': 0.0, 'compound': -0.4215}",negative
8472,nervousness,3,"{'neg': 1.0, 'neu': 0.0, 'pos': 0.0, 'compound': -0.296}",negative
8506,defeatist,3,"{'neg': 1.0, 'neu': 0.0, 'pos': 0.0, 'compound': -0.4019}",negative
8509,cheating,3,"{'neg': 1.0, 'neu': 0.0, 'pos': 0.0, 'compound': -0.5574}",negative
8513,brainwashing,3,"{'neg': 1.0, 'neu': 0.0, 'pos': 0.0, 'compound': -0.3612}",negative
8531,retard,3,"{'neg': 1.0, 'neu': 0.0, 'pos': 0.0, 'compound': -0.5267}",negative
8546,distressed,3,"{'neg': 1.0, 'neu': 0.0, 'pos': 0.0, 'compound': -0.4215}",negative
8548,betray,3,"{'neg': 1.0, 'neu': 0.0, 'pos': 0.0, 'compound': -0.6369}",negative
8557,cautious,3,"{'neg': 1.0, 'neu': 0.0, 'pos': 0.0, 'compound': -0.1027}",negative
8595,exhaustion,3,"{'neg': 1.0, 'neu': 0.0, 'pos': 0.0, 'compound': -0.3612}",negative
8625,envy,3,"{'neg': 1.0, 'neu': 0.0, 'pos': 0.0, 'compound': -0.2732}",negative
8628,po,3,"{'neg': 1.0, 'neu': 0.0, 'pos': 0.0, 'compound': -0.5574}",negative
8634,heartless,3,"{'neg': 1.0, 'neu': 0.0, 'pos': 0.0, 'compound': -0.4939}",negative
8635,miserably,3,"{'neg': 1.0, 'neu': 0.0, 'pos': 0.0, 'compound': -0.4767}",negative
8652,despairing,3,"{'neg': 1.0, 'neu': 0.0, 'pos': 0.0, 'compound': -0.5106}",negative
8654,hardship,3,"{'neg': 1.0, 'neu': 0.0, 'pos': 0.0, 'compound': -0.3182}",negative
8669,gravely,3,"{'neg': 1.0, 'neu': 0.0, 'pos': 0.0, 'compound': -0.3612}",negative
8741,fatigue,3,"{'neg': 1.0, 'neu': 0.0, 'pos': 0.0, 'compound': -0.25}",negative
8804,flop,3,"{'neg': 1.0, 'neu': 0.0, 'pos': 0.0, 'compound': -0.34}",negative
8811,felony,3,"{'neg': 1.0, 'neu': 0.0, 'pos': 0.0, 'compound': -0.5423}",negative
8828,difficulty,3,"{'neg': 1.0, 'neu': 0.0, 'pos': 0.0, 'compound': -0.34}",negative
8838,trivial,3,"{'neg': 1.0, 'neu': 0.0, 'pos': 0.0, 'compound': -0.0258}",negative
8840,abhor,3,"{'neg': 1.0, 'neu': 0.0, 'pos': 0.0, 'compound': -0.4588}",negative
8853,betrayal,3,"{'neg': 1.0, 'neu': 0.0, 'pos': 0.0, 'compound': -0.5859}",negative
8900,drained,3,"{'neg': 1.0, 'neu': 0.0, 'pos': 0.0, 'compound': -0.3612}",negative
8922,rapist,3,"{'neg': 1.0, 'neu': 0.0, 'pos': 0.0, 'compound': -0.7096}",negative
8926,cheat,3,"{'neg': 1.0, 'neu': 0.0, 'pos': 0.0, 'compound': -0.4588}",negative
8931,falsify,3,"{'neg': 1.0, 'neu': 0.0, 'pos': 0.0, 'compound': -0.4588}",negative
8950,interrupting,3,"{'neg': 1.0, 'neu': 0.0, 'pos': 0.0, 'compound': -0.296}",negative
8961,shaky,3,"{'neg': 1.0, 'neu': 0.0, 'pos': 0.0, 'compound': -0.2263}",negative
8976,insignificant,3,"{'neg': 1.0, 'neu': 0.0, 'pos': 0.0, 'compound': -0.34}",negative
8977,snub,3,"{'neg': 1.0, 'neu': 0.0, 'pos': 0.0, 'compound': -0.4215}",negative
8987,heartbroken,3,"{'neg': 1.0, 'neu': 0.0, 'pos': 0.0, 'compound': -0.6486}",negative
8992,abhorrent,3,"{'neg': 1.0, 'neu': 0.0, 'pos': 0.0, 'compound': -0.6249}",negative
9007,freakish,3,"{'neg': 1.0, 'neu': 0.0, 'pos': 0.0, 'compound': -0.4767}",negative
9018,warmongering,3,"{'neg': 1.0, 'neu': 0.0, 'pos': 0.0, 'compound': -0.5423}",negative
9039,alarmingly,3,"{'neg': 1.0, 'neu': 0.0, 'pos': 0.0, 'compound': -0.5574}",negative
9056,bummer,3,"{'neg': 1.0, 'neu': 0.0, 'pos': 0.0, 'compound': -0.3818}",negative
9060,scandalous,3,"{'neg': 1.0, 'neu': 0.0, 'pos': 0.0, 'compound': -0.5267}",negative
9061,traumatic,3,"{'neg': 1.0, 'neu': 0.0, 'pos': 0.0, 'compound': -0.5719}",negative
9070,defer,3,"{'neg': 1.0, 'neu': 0.0, 'pos': 0.0, 'compound': -0.296}",negative
9084,sadness,3,"{'neg': 1.0, 'neu': 0.0, 'pos': 0.0, 'compound': -0.4404}",negative
9099,dreadful,3,"{'neg': 1.0, 'neu': 0.0, 'pos': 0.0, 'compound': -0.4404}",negative
9101,travesty,3,"{'neg': 1.0, 'neu': 0.0, 'pos': 0.0, 'compound': -0.5719}",negative
9119,resentful,3,"{'neg': 1.0, 'neu': 0.0, 'pos': 0.0, 'compound': -0.4767}",negative
9126,treasonous,3,"{'neg': 1.0, 'neu': 0.0, 'pos': 0.0, 'compound': -0.5719}",negative
9131,appallingly,3,"{'neg': 1.0, 'neu': 0.0, 'pos': 0.0, 'compound': -0.4588}",negative
9147,rebellious,3,"{'neg': 1.0, 'neu': 0.0, 'pos': 0.0, 'compound': -0.296}",negative
9175,repressed,3,"{'neg': 1.0, 'neu': 0.0, 'pos': 0.0, 'compound': -0.3182}",negative
9181,hopelessness,3,"{'neg': 1.0, 'neu': 0.0, 'pos': 0.0, 'compound': -0.6249}",negative
9185,accidental,3,"{'neg': 1.0, 'neu': 0.0, 'pos': 0.0, 'compound': -0.0772}",negative
9189,perplexed,3,"{'neg': 1.0, 'neu': 0.0, 'pos': 0.0, 'compound': -0.3182}",negative
9191,distress,3,"{'neg': 1.0, 'neu': 0.0, 'pos': 0.0, 'compound': -0.5267}",negative
9198,expel,3,"{'neg': 1.0, 'neu': 0.0, 'pos': 0.0, 'compound': -0.4404}",negative
9244,belittle,3,"{'neg': 1.0, 'neu': 0.0, 'pos': 0.0, 'compound': -0.4404}",negative
9246,notorious,3,"{'neg': 1.0, 'neu': 0.0, 'pos': 0.0, 'compound': -0.4404}",negative
9256,interrupt,3,"{'neg': 1.0, 'neu': 0.0, 'pos': 0.0, 'compound': -0.34}",negative
9261,aggravate,3,"{'neg': 1.0, 'neu': 0.0, 'pos': 0.0, 'compound': -0.5423}",negative
9264,despise,3,"{'neg': 1.0, 'neu': 0.0, 'pos': 0.0, 'compound': -0.34}",negative
9320,punishable,3,"{'neg': 1.0, 'neu': 0.0, 'pos': 0.0, 'compound': -0.4404}",negative
9337,nastiness,3,"{'neg': 1.0, 'neu': 0.0, 'pos': 0.0, 'compound': -0.2732}",negative
9384,distressing,2,"{'neg': 1.0, 'neu': 0.0, 'pos': 0.0, 'compound': -0.4019}",negative
9389,unfriendly,2,"{'neg': 1.0, 'neu': 0.0, 'pos': 0.0, 'compound': -0.3612}",negative
9409,faulty,2,"{'neg': 1.0, 'neu': 0.0, 'pos': 0.0, 'compound': -0.3182}",negative
9410,fiasco,2,"{'neg': 1.0, 'neu': 0.0, 'pos': 0.0, 'compound': -0.5106}",negative
9421,nag,2,"{'neg': 1.0, 'neu': 0.0, 'pos': 0.0, 'compound': -0.3612}",negative
9434,viciously,2,"{'neg': 1.0, 'neu': 0.0, 'pos': 0.0, 'compound': -0.3182}",negative
9442,pricks,2,"{'neg': 1.0, 'neu': 0.0, 'pos': 0.0, 'compound': -0.2263}",negative
9455,timidity,2,"{'neg': 1.0, 'neu': 0.0, 'pos': 0.0, 'compound': -0.3182}",negative
9477,gossip,2,"{'neg': 1.0, 'neu': 0.0, 'pos': 0.0, 'compound': -0.1779}",negative
9479,geek,2,"{'neg': 1.0, 'neu': 0.0, 'pos': 0.0, 'compound': -0.2023}",negative
9498,warsaw,2,"{'neg': 1.0, 'neu': 0.0, 'pos': 0.0, 'compound': -0.0258}",negative
9509,contagious,2,"{'neg': 1.0, 'neu': 0.0, 'pos': 0.0, 'compound': -0.34}",negative
9511,curse,2,"{'neg': 1.0, 'neu': 0.0, 'pos': 0.0, 'compound': -0.5423}",negative
9515,perverted,2,"{'neg': 1.0, 'neu': 0.0, 'pos': 0.0, 'compound': -0.5423}",negative
9526,profiteering,2,"{'neg': 1.0, 'neu': 0.0, 'pos': 0.0, 'compound': -0.1531}",negative
9532,irritating,2,"{'neg': 1.0, 'neu': 0.0, 'pos': 0.0, 'compound': -0.4588}",negative
9555,grieving,2,"{'neg': 1.0, 'neu': 0.0, 'pos': 0.0, 'compound': -0.5106}",negative
9572,feeble,2,"{'neg': 1.0, 'neu': 0.0, 'pos': 0.0, 'compound': -0.296}",negative
9612,huckster,2,"{'neg': 1.0, 'neu': 0.0, 'pos': 0.0, 'compound': -0.2263}",negative
9613,lousy,2,"{'neg': 1.0, 'neu': 0.0, 'pos': 0.0, 'compound': -0.5423}",negative
9615,violate,2,"{'neg': 1.0, 'neu': 0.0, 'pos': 0.0, 'compound': -0.4939}",negative
9653,dooms,2,"{'neg': 1.0, 'neu': 0.0, 'pos': 0.0, 'compound': -0.2732}",negative
9658,lamenting,2,"{'neg': 1.0, 'neu': 0.0, 'pos': 0.0, 'compound': -0.4588}",negative
9681,retarded,2,"{'neg': 1.0, 'neu': 0.0, 'pos': 0.0, 'compound': -0.5719}",negative
9685,inferior,2,"{'neg': 1.0, 'neu': 0.0, 'pos': 0.0, 'compound': -0.4019}",negative
9686,resent,2,"{'neg': 1.0, 'neu': 0.0, 'pos': 0.0, 'compound': -0.1779}",negative
9693,dragged,2,"{'neg': 1.0, 'neu': 0.0, 'pos': 0.0, 'compound': -0.0516}",negative
9698,pitiful,2,"{'neg': 1.0, 'neu': 0.0, 'pos': 0.0, 'compound': -0.4939}",negative
9700,disappoint,2,"{'neg': 1.0, 'neu': 0.0, 'pos': 0.0, 'compound': -0.4019}",negative
9706,domination,2,"{'neg': 1.0, 'neu': 0.0, 'pos': 0.0, 'compound': -0.0516}",negative
9707,aggravating,2,"{'neg': 1.0, 'neu': 0.0, 'pos': 0.0, 'compound': -0.296}",negative
9711,sore,2,"{'neg': 1.0, 'neu': 0.0, 'pos': 0.0, 'compound': -0.3612}",negative
9718,disguised,2,"{'neg': 1.0, 'neu': 0.0, 'pos': 0.0, 'compound': -0.2732}",negative
9755,injury,2,"{'neg': 1.0, 'neu': 0.0, 'pos': 0.0, 'compound': -0.4215}",negative
9761,craze,2,"{'neg': 1.0, 'neu': 0.0, 'pos': 0.0, 'compound': -0.1531}",negative
9781,robber,2,"{'neg': 1.0, 'neu': 0.0, 'pos': 0.0, 'compound': -0.5574}",negative
9802,loneliness,2,"{'neg': 1.0, 'neu': 0.0, 'pos': 0.0, 'compound': -0.4215}",negative
9812,unattractive,2,"{'neg': 1.0, 'neu': 0.0, 'pos': 0.0, 'compound': -0.4404}",negative
9820,mischief,2,"{'neg': 1.0, 'neu': 0.0, 'pos': 0.0, 'compound': -0.3612}",negative
9837,exaggerating,2,"{'neg': 1.0, 'neu': 0.0, 'pos': 0.0, 'compound': -0.1779}",negative
9844,moan,2,"{'neg': 1.0, 'neu': 0.0, 'pos': 0.0, 'compound': -0.1531}",negative
9860,shocker,2,"{'neg': 1.0, 'neu': 0.0, 'pos': 0.0, 'compound': -0.1531}",negative
9867,promiscuity,2,"{'neg': 1.0, 'neu': 0.0, 'pos': 0.0, 'compound': -0.4215}",negative
9891,vain,2,"{'neg': 1.0, 'neu': 0.0, 'pos': 0.0, 'compound': -0.4215}",negative
9914,oppressive,2,"{'neg': 1.0, 'neu': 0.0, 'pos': 0.0, 'compound': -0.4019}",negative
9923,funky,2,"{'neg': 1.0, 'neu': 0.0, 'pos': 0.0, 'compound': -0.1027}",negative
9941,sob,2,"{'neg': 1.0, 'neu': 0.0, 'pos': 0.0, 'compound': -0.25}",negative
9948,puzzled,2,"{'neg': 1.0, 'neu': 0.0, 'pos': 0.0, 'compound': -0.1779}",negative
9990,pessimism,2,"{'neg': 1.0, 'neu': 0.0, 'pos': 0.0, 'compound': -0.3612}",negative
9998,punitive,2,"{'neg': 1.0, 'neu': 0.0, 'pos': 0.0, 'compound': -0.5106}",negative
10003,imposing,2,"{'neg': 1.0, 'neu': 0.0, 'pos': 0.0, 'compound': -0.1027}",negative
10039,abusive,2,"{'neg': 1.0, 'neu': 0.0, 'pos': 0.0, 'compound': -0.6369}",negative
10054,violently,2,"{'neg': 1.0, 'neu': 0.0, 'pos': 0.0, 'compound': -0.5859}",negative
10079,banish,2,"{'neg': 1.0, 'neu': 0.0, 'pos': 0.0, 'compound': -0.4404}",negative
10113,noisy,2,"{'neg': 1.0, 'neu': 0.0, 'pos': 0.0, 'compound': -0.1779}",negative
10123,eviction,2,"{'neg': 1.0, 'neu': 0.0, 'pos': 0.0, 'compound': -0.4588}",negative
10180,nervous,2,"{'neg': 1.0, 'neu': 0.0, 'pos': 0.0, 'compound': -0.2732}",negative
10199,adversary,2,"{'neg': 1.0, 'neu': 0.0, 'pos': 0.0, 'compound': -0.2023}",negative
10205,slutty,2,"{'neg': 1.0, 'neu': 0.0, 'pos': 0.0, 'compound': -0.5106}",negative
10229,mockery,2,"{'neg': 1.0, 'neu': 0.0, 'pos': 0.0, 'compound': -0.3182}",negative
10231,contradictory,2,"{'neg': 1.0, 'neu': 0.0, 'pos': 0.0, 'compound': -0.34}",negative
10252,ruinous,2,"{'neg': 1.0, 'neu': 0.0, 'pos': 0.0, 'compound': -0.5719}",negative
10269,cynic,2,"{'neg': 1.0, 'neu': 0.0, 'pos': 0.0, 'compound': -0.34}",negative
10273,accusation,2,"{'neg': 1.0, 'neu': 0.0, 'pos': 0.0, 'compound': -0.25}",negative
10297,cocky,2,"{'neg': 1.0, 'neu': 0.0, 'pos': 0.0, 'compound': -0.128}",negative
10300,murderous,2,"{'neg': 1.0, 'neu': 0.0, 'pos': 0.0, 'compound': -0.6369}",negative
10305,battlefield,2,"{'neg': 1.0, 'neu': 0.0, 'pos': 0.0, 'compound': -0.3818}",negative
10339,cynically,2,"{'neg': 1.0, 'neu': 0.0, 'pos': 0.0, 'compound': -0.3182}",negative
10356,prick,2,"{'neg': 1.0, 'neu': 0.0, 'pos': 0.0, 'compound': -0.34}",negative
10368,giddy,2,"{'neg': 1.0, 'neu': 0.0, 'pos': 0.0, 'compound': -0.1531}",negative
10374,troublesome,2,"{'neg': 1.0, 'neu': 0.0, 'pos': 0.0, 'compound': -0.5106}",negative
10416,prejudice,2,"{'neg': 1.0, 'neu': 0.0, 'pos': 0.0, 'compound': -0.5106}",negative
10440,teaser,2,"{'neg': 1.0, 'neu': 0.0, 'pos': 0.0, 'compound': -0.25}",negative
10456,agony,2,"{'neg': 1.0, 'neu': 0.0, 'pos': 0.0, 'compound': -0.4215}",negative
10464,unimpressed,2,"{'neg': 1.0, 'neu': 0.0, 'pos': 0.0, 'compound': -0.34}",negative
10474,ridiculously,2,"{'neg': 1.0, 'neu': 0.0, 'pos': 0.0, 'compound': -0.34}",negative
10476,angrily,2,"{'neg': 1.0, 'neu': 0.0, 'pos': 0.0, 'compound': -0.4215}",negative
10479,passively,2,"{'neg': 1.0, 'neu': 0.0, 'pos': 0.0, 'compound': -0.1779}",negative
10494,skeptically,2,"{'neg': 1.0, 'neu': 0.0, 'pos': 0.0, 'compound': -0.296}",negative
10503,bore,2,"{'neg': 1.0, 'neu': 0.0, 'pos': 0.0, 'compound': -0.25}",negative
10513,arrogantly,2,"{'neg': 1.0, 'neu': 0.0, 'pos': 0.0, 'compound': -0.4215}",negative
10514,indifferent,2,"{'neg': 1.0, 'neu': 0.0, 'pos': 0.0, 'compound': -0.2023}",negative
10540,irrationality,2,"{'neg': 1.0, 'neu': 0.0, 'pos': 0.0, 'compound': -0.4019}",negative
10541,adversity,2,"{'neg': 1.0, 'neu': 0.0, 'pos': 0.0, 'compound': -0.4215}",negative
10555,grating,2,"{'neg': 1.0, 'neu': 0.0, 'pos': 0.0, 'compound': -0.1027}",negative
10567,embarrass,2,"{'neg': 1.0, 'neu': 0.0, 'pos': 0.0, 'compound': -0.296}",negative
10572,deadlock,2,"{'neg': 1.0, 'neu': 0.0, 'pos': 0.0, 'compound': -0.34}",negative
10573,furiously,2,"{'neg': 1.0, 'neu': 0.0, 'pos': 0.0, 'compound': -0.4404}",negative
10585,horrifically,2,"{'neg': 1.0, 'neu': 0.0, 'pos': 0.0, 'compound': -0.5994}",negative
10655,crush,2,"{'neg': 1.0, 'neu': 0.0, 'pos': 0.0, 'compound': -0.1531}",negative
10657,disturbance,2,"{'neg': 1.0, 'neu': 0.0, 'pos': 0.0, 'compound': -0.3818}",negative
10667,dearth,2,"{'neg': 1.0, 'neu': 0.0, 'pos': 0.0, 'compound': -0.5106}",negative
10711,frighteningly,2,"{'neg': 1.0, 'neu': 0.0, 'pos': 0.0, 'compound': -0.4767}",negative
10717,offender,2,"{'neg': 1.0, 'neu': 0.0, 'pos': 0.0, 'compound': -0.3612}",negative
10735,harass,2,"{'neg': 1.0, 'neu': 0.0, 'pos': 0.0, 'compound': -0.4939}",negative
10749,disguise,2,"{'neg': 1.0, 'neu': 0.0, 'pos': 0.0, 'compound': -0.25}",negative
10769,perpetrator,2,"{'neg': 1.0, 'neu': 0.0, 'pos': 0.0, 'compound': -0.4939}",negative
10793,unsettled,2,"{'neg': 1.0, 'neu': 0.0, 'pos': 0.0, 'compound': -0.3182}",negative
10795,strained,2,"{'neg': 1.0, 'neu': 0.0, 'pos': 0.0, 'compound': -0.4019}",negative
10796,shamelessly,2,"{'neg': 1.0, 'neu': 0.0, 'pos': 0.0, 'compound': -0.34}",negative
10836,horribly,2,"{'neg': 1.0, 'neu': 0.0, 'pos': 0.0, 'compound': -0.5267}",negative
10841,provoke,2,"{'neg': 1.0, 'neu': 0.0, 'pos': 0.0, 'compound': -0.4019}",negative
10894,whore,2,"{'neg': 1.0, 'neu': 0.0, 'pos': 0.0, 'compound': -0.6486}",negative
10897,whine,2,"{'neg': 1.0, 'neu': 0.0, 'pos': 0.0, 'compound': -0.3612}",negative
10900,chagrin,2,"{'neg': 1.0, 'neu': 0.0, 'pos': 0.0, 'compound': -0.4404}",negative
10934,uselessly,2,"{'neg': 1.0, 'neu': 0.0, 'pos': 0.0, 'compound': -0.3612}",negative
10941,grimy,2,"{'neg': 1.0, 'neu': 0.0, 'pos': 0.0, 'compound': -0.4215}",negative
10957,lament,2,"{'neg': 1.0, 'neu': 0.0, 'pos': 0.0, 'compound': -0.4588}",negative
11019,twat,2,"{'neg': 1.0, 'neu': 0.0, 'pos': 0.0, 'compound': -0.6597}",negative
11057,stupidly,2,"{'neg': 1.0, 'neu': 0.0, 'pos': 0.0, 'compound': -0.4588}",negative
11060,torturous,2,"{'neg': 1.0, 'neu': 0.0, 'pos': 0.0, 'compound': -0.5719}",negative
11064,moaning,2,"{'neg': 1.0, 'neu': 0.0, 'pos': 0.0, 'compound': -0.1027}",negative
11102,shaken,2,"{'neg': 1.0, 'neu': 0.0, 'pos': 0.0, 'compound': -0.0772}",negative
11118,hopelessly,2,"{'neg': 1.0, 'neu': 0.0, 'pos': 0.0, 'compound': -0.4939}",negative
11125,derail,2,"{'neg': 1.0, 'neu': 0.0, 'pos': 0.0, 'compound': -0.296}",negative
11128,indecisiveness,2,"{'neg': 1.0, 'neu': 0.0, 'pos': 0.0, 'compound': -0.3182}",negative
11137,enraged,2,"{'neg': 1.0, 'neu': 0.0, 'pos': 0.0, 'compound': -0.4019}",negative
11205,impotent,1,"{'neg': 1.0, 'neu': 0.0, 'pos': 0.0, 'compound': -0.2732}",negative
11238,opportunistic,1,"{'neg': 1.0, 'neu': 0.0, 'pos': 0.0, 'compound': -0.0258}",negative
11257,smothered,1,"{'neg': 1.0, 'neu': 0.0, 'pos': 0.0, 'compound': -0.2263}",negative
11259,carelessness,1,"{'neg': 1.0, 'neu': 0.0, 'pos': 0.0, 'compound': -0.34}",negative
11286,tragicomic,1,"{'neg': 1.0, 'neu': 0.0, 'pos': 0.0, 'compound': -0.0516}",negative
11293,complainer,1,"{'neg': 1.0, 'neu': 0.0, 'pos': 0.0, 'compound': -0.4215}",negative
11299,petrified,1,"{'neg': 1.0, 'neu': 0.0, 'pos': 0.0, 'compound': -0.5423}",negative
11310,impatient,1,"{'neg': 1.0, 'neu': 0.0, 'pos': 0.0, 'compound': -0.296}",negative
11315,freaky,1,"{'neg': 1.0, 'neu': 0.0, 'pos': 0.0, 'compound': -0.3612}",negative
11319,paranoid,1,"{'neg': 1.0, 'neu': 0.0, 'pos': 0.0, 'compound': -0.25}",negative
11323,irate,1,"{'neg': 1.0, 'neu': 0.0, 'pos': 0.0, 'compound': -0.5994}",negative
11350,hesitation,1,"{'neg': 1.0, 'neu': 0.0, 'pos': 0.0, 'compound': -0.2732}",negative
11375,torturing,1,"{'neg': 1.0, 'neu': 0.0, 'pos': 0.0, 'compound': -0.6124}",negative
11403,immorally,1,"{'neg': 1.0, 'neu': 0.0, 'pos': 0.0, 'compound': -0.4767}",negative
11408,scapegoat,1,"{'neg': 1.0, 'neu': 0.0, 'pos': 0.0, 'compound': -0.4019}",negative
11412,loathe,1,"{'neg': 1.0, 'neu': 0.0, 'pos': 0.0, 'compound': -0.4939}",negative
11452,bittersweet,1,"{'neg': 1.0, 'neu': 0.0, 'pos': 0.0, 'compound': -0.0772}",negative
11483,lamentable,1,"{'neg': 1.0, 'neu': 0.0, 'pos': 0.0, 'compound': -0.3612}",negative
11491,discourage,1,"{'neg': 1.0, 'neu': 0.0, 'pos': 0.0, 'compound': -0.4215}",negative
11505,restless,1,"{'neg': 1.0, 'neu': 0.0, 'pos': 0.0, 'compound': -0.2732}",negative
11526,devastatingly,1,"{'neg': 1.0, 'neu': 0.0, 'pos': 0.0, 'compound': -0.5267}",negative
11530,smothery,1,"{'neg': 1.0, 'neu': 0.0, 'pos': 0.0, 'compound': -0.2732}",negative
11534,enslave,1,"{'neg': 1.0, 'neu': 0.0, 'pos': 0.0, 'compound': -0.6249}",negative
11575,deprive,1,"{'neg': 1.0, 'neu': 0.0, 'pos': 0.0, 'compound': -0.4767}",negative
11581,hapless,1,"{'neg': 1.0, 'neu': 0.0, 'pos': 0.0, 'compound': -0.34}",negative
11603,quaking,1,"{'neg': 1.0, 'neu': 0.0, 'pos': 0.0, 'compound': -0.3612}",negative
11604,foolishly,1,"{'neg': 1.0, 'neu': 0.0, 'pos': 0.0, 'compound': -0.4215}",negative
11607,mediocrity,1,"{'neg': 1.0, 'neu': 0.0, 'pos': 0.0, 'compound': -0.0772}",negative
11632,egotistical,1,"{'neg': 1.0, 'neu': 0.0, 'pos': 0.0, 'compound': -0.2263}",negative
11644,sorrow,1,"{'neg': 1.0, 'neu': 0.0, 'pos': 0.0, 'compound': -0.5267}",negative
11660,stereotype,1,"{'neg': 1.0, 'neu': 0.0, 'pos': 0.0, 'compound': -0.3182}",negative
11665,contagion,1,"{'neg': 1.0, 'neu': 0.0, 'pos': 0.0, 'compound': -0.4588}",negative
11685,tease,1,"{'neg': 1.0, 'neu': 0.0, 'pos': 0.0, 'compound': -0.3182}",negative
11724,unintelligent,1,"{'neg': 1.0, 'neu': 0.0, 'pos': 0.0, 'compound': -0.4588}",negative
11746,flunky,1,"{'neg': 1.0, 'neu': 0.0, 'pos': 0.0, 'compound': -0.4215}",negative
11761,tumor,1,"{'neg': 1.0, 'neu': 0.0, 'pos': 0.0, 'compound': -0.3818}",negative
11822,suspiciously,1,"{'neg': 1.0, 'neu': 0.0, 'pos': 0.0, 'compound': -0.4019}",negative
11844,lugubrious,1,"{'neg': 1.0, 'neu': 0.0, 'pos': 0.0, 'compound': -0.4767}",negative
11875,moping,1,"{'neg': 1.0, 'neu': 0.0, 'pos': 0.0, 'compound': -0.25}",negative
11895,smothering,1,"{'neg': 1.0, 'neu': 0.0, 'pos': 0.0, 'compound': -0.34}",negative
11901,frustrate,1,"{'neg': 1.0, 'neu': 0.0, 'pos': 0.0, 'compound': -0.4588}",negative
11922,nagging,1,"{'neg': 1.0, 'neu': 0.0, 'pos': 0.0, 'compound': -0.4019}",negative
11952,stubbornly,1,"{'neg': 1.0, 'neu': 0.0, 'pos': 0.0, 'compound': -0.34}",negative
11988,spitefully,1,"{'neg': 1.0, 'neu': 0.0, 'pos': 0.0, 'compound': -0.5106}",negative
11994,grimly,1,"{'neg': 1.0, 'neu': 0.0, 'pos': 0.0, 'compound': -0.3182}",negative
12018,ineffectual,1,"{'neg': 1.0, 'neu': 0.0, 'pos': 0.0, 'compound': -0.296}",negative
12072,amoral,1,"{'neg': 1.0, 'neu': 0.0, 'pos': 0.0, 'compound': -0.3818}",negative
12079,sucker,1,"{'neg': 1.0, 'neu': 0.0, 'pos': 0.0, 'compound': -0.5267}",negative
12212,sinful,1,"{'neg': 1.0, 'neu': 0.0, 'pos': 0.0, 'compound': -0.5574}",negative
12222,graveyard,1,"{'neg': 1.0, 'neu': 0.0, 'pos': 0.0, 'compound': -0.296}",negative
12235,loathing,1,"{'neg': 1.0, 'neu': 0.0, 'pos': 0.0, 'compound': -0.5719}",negative
12253,tremble,1,"{'neg': 1.0, 'neu': 0.0, 'pos': 0.0, 'compound': -0.2732}",negative
12265,amorality,1,"{'neg': 1.0, 'neu': 0.0, 'pos': 0.0, 'compound': -0.3612}",negative
12270,disadvantage,1,"{'neg': 1.0, 'neu': 0.0, 'pos': 0.0, 'compound': -0.4215}",negative
12329,frantically,1,"{'neg': 1.0, 'neu': 0.0, 'pos': 0.0, 'compound': -0.34}",negative
12351,funeral,1,"{'neg': 1.0, 'neu': 0.0, 'pos': 0.0, 'compound': -0.3612}",negative
12356,ridicule,1,"{'neg': 1.0, 'neu': 0.0, 'pos': 0.0, 'compound': -0.4588}",negative
12401,degrade,1,"{'neg': 1.0, 'neu': 0.0, 'pos': 0.0, 'compound': -0.4404}",negative
12406,deride,1,"{'neg': 1.0, 'neu': 0.0, 'pos': 0.0, 'compound': -0.2732}",negative
12422,fud,1,"{'neg': 1.0, 'neu': 0.0, 'pos': 0.0, 'compound': -0.2732}",negative
12478,prosecution,1,"{'neg': 1.0, 'neu': 0.0, 'pos': 0.0, 'compound': -0.4939}",negative
12499,anxiously,1,"{'neg': 1.0, 'neu': 0.0, 'pos': 0.0, 'compound': -0.2263}",negative
12541,sleeplessness,1,"{'neg': 1.0, 'neu': 0.0, 'pos': 0.0, 'compound': -0.3818}",negative
12547,sorrowful,1,"{'neg': 1.0, 'neu': 0.0, 'pos': 0.0, 'compound': -0.4939}",negative
12553,maniacally,1,"{'neg': 1.0, 'neu': 0.0, 'pos': 0.0, 'compound': -0.4019}",negative
12576,allergic,1,"{'neg': 1.0, 'neu': 0.0, 'pos': 0.0, 'compound': -0.296}",negative
12604,exhausting,1,"{'neg': 1.0, 'neu': 0.0, 'pos': 0.0, 'compound': -0.3612}",negative
12641,agonizingly,1,"{'neg': 1.0, 'neu': 0.0, 'pos': 0.0, 'compound': -0.5106}",negative
12699,dysfunction,1,"{'neg': 1.0, 'neu': 0.0, 'pos': 0.0, 'compound': -0.4215}",negative
12714,pu,1,"{'neg': 1.0, 'neu': 0.0, 'pos': 0.0, 'compound': -0.2732}",negative
12732,carelessly,1,"{'neg': 1.0, 'neu': 0.0, 'pos': 0.0, 'compound': -0.25}",negative
12738,fatalistic,1,"{'neg': 1.0, 'neu': 0.0, 'pos': 0.0, 'compound': -0.25}",negative
12747,obscene,1,"{'neg': 1.0, 'neu': 0.0, 'pos': 0.0, 'compound': -0.5859}",negative
12761,phobic,1,"{'neg': 1.0, 'neu': 0.0, 'pos': 0.0, 'compound': -0.296}",negative
12829,rigid,1,"{'neg': 1.0, 'neu': 0.0, 'pos': 0.0, 'compound': -0.128}",negative
12848,repress,1,"{'neg': 1.0, 'neu': 0.0, 'pos': 0.0, 'compound': -0.34}",negative
12863,paranoia,1,"{'neg': 1.0, 'neu': 0.0, 'pos': 0.0, 'compound': -0.25}",negative
12909,gullibility,1,"{'neg': 1.0, 'neu': 0.0, 'pos': 0.0, 'compound': -0.3818}",negative
12916,arguable,1,"{'neg': 1.0, 'neu': 0.0, 'pos': 0.0, 'compound': -0.25}",negative
12927,aching,1,"{'neg': 1.0, 'neu': 0.0, 'pos': 0.0, 'compound': -0.4939}",negative
12928,unworthy,1,"{'neg': 1.0, 'neu': 0.0, 'pos': 0.0, 'compound': -0.4588}",negative
12939,puke,1,"{'neg': 1.0, 'neu': 0.0, 'pos': 0.0, 'compound': -0.5267}",negative
12942,deceitful,1,"{'neg': 1.0, 'neu': 0.0, 'pos': 0.0, 'compound': -0.4404}",negative
13032,selfishness,1,"{'neg': 1.0, 'neu': 0.0, 'pos': 0.0, 'compound': -0.4019}",negative
13041,apathetic,1,"{'neg': 1.0, 'neu': 0.0, 'pos': 0.0, 'compound': -0.296}",negative
13070,wickedness,1,"{'neg': 1.0, 'neu': 0.0, 'pos': 0.0, 'compound': -0.4767}",negative
13114,lamented,1,"{'neg': 1.0, 'neu': 0.0, 'pos': 0.0, 'compound': -0.34}",negative
13121,disbelieve,1,"{'neg': 1.0, 'neu': 0.0, 'pos': 0.0, 'compound': -0.296}",negative
13126,bitterly,1,"{'neg': 1.0, 'neu': 0.0, 'pos': 0.0, 'compound': -0.4588}",negative
13183,weeps,1,"{'neg': 1.0, 'neu': 0.0, 'pos': 0.0, 'compound': -0.34}",negative
13204,egotist,1,"{'neg': 1.0, 'neu': 0.0, 'pos': 0.0, 'compound': -0.5106}",negative
13245,restriction,1,"{'neg': 1.0, 'neu': 0.0, 'pos': 0.0, 'compound': -0.2732}",negative
13272,hesitate,1,"{'neg': 1.0, 'neu': 0.0, 'pos': 0.0, 'compound': -0.2732}",negative
13279,weeping,1,"{'neg': 1.0, 'neu': 0.0, 'pos': 0.0, 'compound': -0.4404}",negative
13297,wept,1,"{'neg': 1.0, 'neu': 0.0, 'pos': 0.0, 'compound': -0.4588}",negative
13325,confrontation,1,"{'neg': 1.0, 'neu': 0.0, 'pos': 0.0, 'compound': -0.3182}",negative
13353,weaponry,1,"{'neg': 1.0, 'neu': 0.0, 'pos': 0.0, 'compound': -0.2263}",negative
13370,dullard,1,"{'neg': 1.0, 'neu': 0.0, 'pos': 0.0, 'compound': -0.3818}",negative
13374,destructiveness,1,"{'neg': 1.0, 'neu': 0.0, 'pos': 0.0, 'compound': -0.5267}",negative
13390,freakishly,1,"{'neg': 1.0, 'neu': 0.0, 'pos': 0.0, 'compound': -0.2023}",negative
13393,duller,1,"{'neg': 1.0, 'neu': 0.0, 'pos': 0.0, 'compound': -0.4019}",negative
13395,smother,1,"{'neg': 1.0, 'neu': 0.0, 'pos': 0.0, 'compound': -0.4215}",negative
13473,doubter,1,"{'neg': 1.0, 'neu': 0.0, 'pos': 0.0, 'compound': -0.3818}",negative
13483,chastise,1,"{'neg': 1.0, 'neu': 0.0, 'pos': 0.0, 'compound': -0.5423}",negative
13490,unsatisfied,1,"{'neg': 1.0, 'neu': 0.0, 'pos': 0.0, 'compound': -0.4019}",negative
13497,obliterate,1,"{'neg': 1.0, 'neu': 0.0, 'pos': 0.0, 'compound': -0.5994}",negative
13548,unprofessional,1,"{'neg': 1.0, 'neu': 0.0, 'pos': 0.0, 'compound': -0.5106}",negative
13634,wag,1,"{'neg': 1.0, 'neu': 0.0, 'pos': 0.0, 'compound': -0.0516}",negative
13642,regrettably,1,"{'neg': 1.0, 'neu': 0.0, 'pos': 0.0, 'compound': -0.4588}",negative
13656,ennui,1,"{'neg': 1.0, 'neu': 0.0, 'pos': 0.0, 'compound': -0.296}",negative
13679,foolishness,1,"{'neg': 1.0, 'neu': 0.0, 'pos': 0.0, 'compound': -0.4215}",negative
13716,unjust,1,"{'neg': 1.0, 'neu': 0.0, 'pos': 0.0, 'compound': -0.5106}",negative
13774,disliking,1,"{'neg': 1.0, 'neu': 0.0, 'pos': 0.0, 'compound': -0.3182}",negative
13871,selfishly,1,"{'neg': 1.0, 'neu': 0.0, 'pos': 0.0, 'compound': -0.34}",negative
13884,depress,1,"{'neg': 1.0, 'neu': 0.0, 'pos': 0.0, 'compound': -0.4939}",negative
13937,disdain,1,"{'neg': 1.0, 'neu': 0.0, 'pos': 0.0, 'compound': -0.4767}",negative
13980,defiant,1,"{'neg': 1.0, 'neu': 0.0, 'pos': 0.0, 'compound': -0.2263}",negative
13991,submissive,1,"{'neg': 1.0, 'neu': 0.0, 'pos': 0.0, 'compound': -0.3182}",negative
14046,reluctantly,1,"{'neg': 1.0, 'neu': 0.0, 'pos': 0.0, 'compound': -0.1027}",negative
14087,remorseless,1,"{'neg': 1.0, 'neu': 0.0, 'pos': 0.0, 'compound': -0.5106}",negative
14090,grievous,1,"{'neg': 1.0, 'neu': 0.0, 'pos': 0.0, 'compound': -0.4588}",negative
14171,frantic,1,"{'neg': 1.0, 'neu': 0.0, 'pos': 0.0, 'compound': -0.4404}",negative
14231,displeased,1,"{'neg': 1.0, 'neu': 0.0, 'pos': 0.0, 'compound': -0.4404}",negative
14234,dud,1,"{'neg': 1.0, 'neu': 0.0, 'pos': 0.0, 'compound': -0.25}",negative
14241,madder,1,"{'neg': 1.0, 'neu': 0.0, 'pos': 0.0, 'compound': -0.296}",negative
14251,disparage,1,"{'neg': 1.0, 'neu': 0.0, 'pos': 0.0, 'compound': -0.4588}",negative
14277,mistaking,1,"{'neg': 1.0, 'neu': 0.0, 'pos': 0.0, 'compound': -0.2732}",negative
14302,scaremonger,1,"{'neg': 1.0, 'neu': 0.0, 'pos': 0.0, 'compound': -0.4767}",negative
14326,rash,1,"{'neg': 1.0, 'neu': 0.0, 'pos': 0.0, 'compound': -0.4019}",negative
14335,worn,1,"{'neg': 1.0, 'neu': 0.0, 'pos': 0.0, 'compound': -0.296}",negative
14352,insincerely,1,"{'neg': 1.0, 'neu': 0.0, 'pos': 0.0, 'compound': -0.4404}",negative
14381,exclusion,1,"{'neg': 1.0, 'neu': 0.0, 'pos': 0.0, 'compound': -0.296}",negative
14395,cruelly,1,"{'neg': 1.0, 'neu': 0.0, 'pos': 0.0, 'compound': -0.5859}",negative
14407,undecided,1,"{'neg': 1.0, 'neu': 0.0, 'pos': 0.0, 'compound': -0.2263}",negative
14430,timid,1,"{'neg': 1.0, 'neu': 0.0, 'pos': 0.0, 'compound': -0.25}",negative
14499,offend,1,"{'neg': 1.0, 'neu': 0.0, 'pos': 0.0, 'compound': -0.296}",negative
14511,aversion,1,"{'neg': 1.0, 'neu': 0.0, 'pos': 0.0, 'compound': -0.4404}",negative
14524,negativity,1,"{'neg': 1.0, 'neu': 0.0, 'pos': 0.0, 'compound': -0.5106}",negative
14526,fag,1,"{'neg': 1.0, 'neu': 0.0, 'pos': 0.0, 'compound': -0.4767}",negative
14548,walkout,1,"{'neg': 1.0, 'neu': 0.0, 'pos': 0.0, 'compound': -0.3182}",negative
14552,risker,1,"{'neg': 1.0, 'neu': 0.0, 'pos': 0.0, 'compound': -0.2023}",negative
14553,thorny,1,"{'neg': 1.0, 'neu': 0.0, 'pos': 0.0, 'compound': -0.2732}",negative
14612,cornered,1,"{'neg': 1.0, 'neu': 0.0, 'pos': 0.0, 'compound': -0.2732}",negative
14624,dismay,1,"{'neg': 1.0, 'neu': 0.0, 'pos': 0.0, 'compound': -0.4215}",negative
14652,panicked,1,"{'neg': 1.0, 'neu': 0.0, 'pos': 0.0, 'compound': -0.4588}",negative
14662,dissatisfaction,1,"{'neg': 1.0, 'neu': 0.0, 'pos': 0.0, 'compound': -0.4939}",negative
14708,regrettable,1,"{'neg': 1.0, 'neu': 0.0, 'pos': 0.0, 'compound': -0.5106}",negative
14828,humiliate,1,"{'neg': 1.0, 'neu': 0.0, 'pos': 0.0, 'compound': -0.5423}",negative
14833,stab,1,"{'neg': 1.0, 'neu': 0.0, 'pos': 0.0, 'compound': -0.5859}",negative
14845,indecision,1,"{'neg': 1.0, 'neu': 0.0, 'pos': 0.0, 'compound': -0.2023}",negative
14895,woeful,1,"{'neg': 1.0, 'neu': 0.0, 'pos': 0.0, 'compound': -0.4404}",negative
14905,saddening,1,"{'neg': 1.0, 'neu': 0.0, 'pos': 0.0, 'compound': -0.4939}",negative
14910,sadden,1,"{'neg': 1.0, 'neu': 0.0, 'pos': 0.0, 'compound': -0.5574}",negative
14930,smuggling,1,"{'neg': 1.0, 'neu': 0.0, 'pos': 0.0, 'compound': -0.4767}",negative
15077,deprivation,1,"{'neg': 1.0, 'neu': 0.0, 'pos': 0.0, 'compound': -0.4215}",negative
15081,remorse,1,"{'neg': 1.0, 'neu': 0.0, 'pos': 0.0, 'compound': -0.2732}",negative
